datetime,stock_code,action,target_value,current_value,shares,price,resulting_ratio
2024-07-08 09:30:00,605228.SH,BUY_ALLOC,40000.0,0.0,4400,9.02,0.19844
2024-07-09 00:00:00,605228.SH,REBAL_SELL,39943.23,41712.0,100,9.47,0.2
2024-07-10 00:00:00,605228.SH,REBAL_SELL,40287.83,42828.0,200,9.95,0.2
2024-07-15 09:30:00,002045.SZ,BUY_ALLOC,40589.63,0.0,3000,13.44,0.198671
2024-07-15 09:30:00,600692.SH,BUY_ALLOC,40579.6,0.0,7100,5.7,0.19946
2024-07-15 09:30:00,600727.SH,BUY_ALLOC,40561.35,0.0,5500,7.36,0.199599
2024-07-15 09:30:00,605277.SH,BUY_ALLOC,40546.31,0.0,2900,13.82,0.19769
2024-07-15 00:00:00,600727.SH,REBAL_BUY,40311.24,39380.0,100,7.17,0.2
2024-07-17 09:30:00,000700.SZ,BUY_ALLOC,39825.06,0.0,6700,5.91,0.198855
2024-07-17 09:30:00,603337.SH,BUY_ALLOC,39807.7,0.0,1300,29.16,0.190456
2024-07-17 00:00:00,000700.SZ,REBAL_BUY,39351.56,38123.0,200,5.7,0.2
2024-07-18 09:30:00,002903.SZ,BUY_ALLOC,38932.96,0.0,2400,15.67,0.193194
2024-07-24 09:36:00,603863.SH,BUY_ALLOC,39372.16,0.0,2000,19.01,0.193131
2024-07-24 00:00:00,603863.SH,REBAL_BUY,39556.36,37520.0,100,18.78,0.2
2024-07-26 09:30:00,000410.SZ,BUY_ALLOC,39737.36,0.0,6100,6.44,0.197718
2024-07-30 09:30:00,600604.SH,BUY_ALLOC,39407.49,0.0,10600,3.71,0.199586
2024-07-30 09:46:00,000921.SZ,BUY_ALLOC,39403.56,0.0,1400,27.81,0.197617
2024-07-30 10:01:00,603085.SH,BUY_ALLOC,39590.06,0.0,5000,7.84,0.198029
2024-07-30 11:08:00,000521.SZ,BUY_ALLOC,39776.14,0.0,5300,7.43,0.198003
2024-07-30 00:00:00,600604.SH,REBAL_SELL,40058.41,43354.0,800,4.09,0.2
2024-07-31 09:30:00,600396.SH,BUY_ALLOC,40599.21,0.0,15700,2.57,0.198767
2024-07-31 09:31:00,000868.SZ,BUY_ALLOC,40595.17,0.0,500,5.37,0.013228
2024-07-31 00:00:00,603085.SH,REBAL_SELL,41121.74,42100.0,100,8.41,0.2
2024-07-31 00:00:00,000521.SZ,REBAL_SELL,41121.74,43725.0,300,8.24,0.2
2024-07-31 00:00:00,600396.SH,REBAL_BUY,41121.74,40663.0,100,2.59,0.2
2024-07-31 00:00:00,000868.SZ,REBAL_BUY,41121.74,2665.0,7200,5.34,0.2
2024-08-01 00:00:00,600396.SH,REBAL_BUY,42163.14,41870.0,100,2.65,0.2
2024-08-01 00:00:00,000868.SZ,REBAL_SELL,42163.14,45122.0,500,5.85,0.2
2024-08-02 09:30:00,603602.SH,BUY_ALLOC,43268.74,0.0,3200,13.26,0.196132
2024-08-02 09:30:00,605218.SH,BUY_ALLOC,43258.1,0.0,2400,17.45,0.193628
2024-08-02 09:31:00,603863.SH,BUY_ALLOC,43244.31,0.0,300,22.52,0.031246
2024-08-02 00:00:00,603085.SH,REBAL_BUY,42878.77,41650.0,100,8.51,0.2
2024-08-02 00:00:00,605218.SH,REBAL_BUY,42878.77,41112.0,100,17.15,0.2
2024-08-02 00:00:00,603863.SH,REBAL_BUY,42878.77,7104.0,1500,23.7,0.2
2024-08-06 09:33:00,603127.SH,BUY_ALLOC,41749.5,0.0,2600,15.76,0.196295
2024-08-06 00:00:00,603863.SH,REBAL_SELL,41875.41,44982.0,100,24.97,0.2
2024-08-07 09:31:00,600250.SH,BUY_ALLOC,42215.21,0.0,4700,8.81,0.196171
2024-08-07 00:00:00,600250.SH,REBAL_BUY,42373.4,40044.0,200,8.53,0.2
2024-08-08 00:00:00,600250.SH,REBAL_SELL,41864.0,42777.0,100,8.72,0.2
2024-08-12 09:31:00,600889.SH,BUY_ALLOC,41711.17,0.0,7900,5.22,0.197731
2024-08-12 00:00:00,600889.SH,REBAL_BUY,41944.05,40685.0,200,5.16,0.2
2024-08-13 09:31:00,002175.SZ,BUY_ALLOC,41643.65,0.0,22200,1.87,0.199377
2024-08-13 00:00:00,600889.SH,REBAL_SELL,41683.9,45927.0,700,5.66,0.2
2024-08-15 09:31:00,603843.SH,BUY_ALLOC,42245.04,0.0,14300,2.94,0.199039
2024-08-15 00:00:00,603843.SH,REBAL_SELL,42412.43,42757.0,100,2.99,0.2
2024-08-20 09:30:00,002577.SZ,BUY_ALLOC,42151.5,0.0,3200,12.89,0.195713
2024-08-20 09:31:00,603398.SH,BUY_ALLOC,42140.98,0.0,3500,11.97,0.198833
2024-08-20 09:33:00,002547.SZ,BUY_ALLOC,42283.79,0.0,15200,2.77,0.19915
2024-08-20 00:00:00,603398.SH,REBAL_SELL,42340.38,44380.0,100,12.67,0.2
2024-08-20 00:00:00,002547.SZ,REBAL_SELL,42340.38,43168.0,200,2.84,0.2
2024-08-21 09:30:00,603186.SH,BUY_ALLOC,42874.98,0.0,1900,21.71,0.192415
2024-08-21 09:30:00,603196.SH,BUY_ALLOC,42863.25,0.0,5700,7.4,0.196812
2024-08-21 00:00:00,002577.SZ,REBAL_SELL,42847.64,46400.0,200,14.49,0.2
2024-08-21 00:00:00,002547.SZ,REBAL_SELL,42847.64,43950.0,300,2.93,0.2
2024-08-21 00:00:00,603186.SH,REBAL_SELL,42847.64,45429.0,100,23.89,0.2
2024-08-21 00:00:00,603196.SH,REBAL_BUY,42847.64,41553.0,100,7.3,0.2
2024-08-22 00:00:00,603196.SH,REBAL_SELL,43613.53,46516.0,300,8.01,0.2
2024-08-23 09:34:00,603663.SH,BUY_ALLOC,44946.93,0.0,3200,13.69,0.194932
2024-08-23 00:00:00,603663.SH,REBAL_BUY,44982.09,43296.0,100,13.54,0.2
2024-08-26 09:30:00,002231.SZ,BUY_ALLOC,44638.69,0.0,10300,4.3,0.198438
2024-08-26 09:31:00,002986.SZ,BUY_ALLOC,44634.26,0.0,3900,11.17,0.1952
2024-08-26 00:00:00,603663.SH,REBAL_SELL,44848.31,49104.0,200,14.87,0.2
2024-08-26 00:00:00,002231.SZ,REBAL_SELL,44848.31,46453.0,300,4.51,0.2
2024-08-26 00:00:00,002986.SZ,REBAL_SELL,44848.31,47073.0,100,12.06,0.2
2024-08-27 09:31:00,000058.SZ,BUY_ALLOC,45871.51,0.0,7900,5.75,0.198053
2024-08-27 09:31:00,600078.SH,BUY_ALLOC,45882.76,0.0,8500,5.39,0.199705
2024-08-27 11:05:00,002855.SZ,BUY_ALLOC,45929.18,0.0,200,18.32,0.015955
2024-08-27 00:00:00,002986.SZ,REBAL_BUY,45797.88,44574.0,100,11.74,0.2
2024-08-27 00:00:00,600078.SH,REBAL_BUY,45797.88,44370.0,200,5.23,0.2
2024-08-27 00:00:00,002855.SZ,REBAL_BUY,45797.88,3662.0,2300,18.33,0.2
2024-08-28 00:00:00,000058.SZ,REBAL_SELL,45451.31,47795.0,300,6.04,0.2
2024-08-29 09:30:00,605183.SH,BUY_ALLOC,45265.31,0.0,2800,16.13,0.199552
2024-08-29 09:31:00,002370.SZ,BUY_ALLOC,45249.6,0.0,15400,2.93,0.199436
2024-08-29 09:32:00,603700.SH,BUY_ALLOC,45275.88,0.0,4600,9.68,0.196696
2024-08-29 00:00:00,002855.SZ,REBAL_SELL,45538.23,47625.0,100,19.03,0.2
2024-08-30 00:00:00,000058.SZ,REBAL_SELL,45704.63,46740.0,100,6.14,0.2
2024-08-30 00:00:00,002370.SZ,REBAL_SELL,45704.63,46816.0,300,3.04,0.2
2024-08-30 00:00:00,603700.SH,REBAL_SELL,45704.63,49864.0,300,10.83,0.2
2024-09-03 09:30:00,000913.SZ,BUY_ALLOC,46368.85,0.0,2900,15.95,0.199509
2024-09-03 09:30:00,600520.SH,BUY_ALLOC,46352.63,0.0,2600,17.72,0.198789
2024-09-03 09:37:00,600665.SH,BUY_ALLOC,46337.62,0.0,20100,2.3,0.199535
2024-09-03 00:00:00,002855.SZ,REBAL_SELL,46534.0,49056.0,100,20.42,0.2
2024-09-03 00:00:00,002370.SZ,REBAL_SELL,46534.0,47263.0,200,3.13,0.2
2024-09-03 00:00:00,600665.SH,REBAL_SELL,46534.0,47637.0,400,2.37,0.2
2024-09-04 00:00:00,600665.SH,REBAL_BUY,46555.83,45901.0,200,2.33,0.2
2024-09-05 09:31:00,002689.SZ,BUY_ALLOC,46794.43,0.0,18000,2.59,0.199254
2024-09-05 09:31:00,603991.SH,BUY_ALLOC,47005.77,0.0,1100,41.07,0.192219
2024-09-05 09:44:00,002335.SZ,BUY_ALLOC,47040.85,0.0,2300,19.74,0.193032
2024-09-05 00:00:00,600665.SH,REBAL_SELL,47137.51,47561.0,100,2.39,0.2
2024-09-05 00:00:00,002689.SZ,REBAL_SELL,47137.51,47700.0,200,2.65,0.2
2024-09-06 09:30:00,001319.SZ,BUY_ALLOC,47027.11,0.0,2500,18.12,0.192655
2024-09-06 00:00:00,002689.SZ,REBAL_SELL,46750.59,47170.0,100,2.65,0.2
2024-09-06 00:00:00,001319.SZ,REBAL_BUY,46750.59,43500.0,100,17.42,0.2
2024-09-09 09:31:00,600686.SH,BUY_ALLOC,45800.59,0.0,3300,13.68,0.197133
2024-09-09 00:00:00,600665.SH,REBAL_SELL,46482.06,47124.0,200,2.38,0.2
2024-09-09 00:00:00,600686.SH,REBAL_BUY,46482.06,43230.0,200,13.11,0.2
2024-09-10 10:05:00,600828.SH,BUY_ALLOC,45258.26,0.0,17200,2.63,0.199902
2024-09-10 00:00:00,600828.SH,REBAL_SELL,45066.84,45408.0,100,2.64,0.2
2024-09-12 09:30:00,600662.SH,BUY_ALLOC,44947.53,0.0,10500,4.25,0.198565
2024-09-12 09:32:00,600561.SH,BUY_ALLOC,44943.07,0.0,9800,4.56,0.198865
2024-09-12 00:00:00,600662.SH,REBAL_BUY,45193.4,44415.0,100,4.23,0.2
2024-09-13 09:34:00,603399.SH,BUY_ALLOC,44747.4,0.0,6800,6.5,0.197553
2024-09-13 09:36:00,002466.SZ,BUY_ALLOC,44919.78,0.0,1500,26.92,0.179787
2024-09-13 09:50:00,600370.SH,BUY_ALLOC,45068.75,0.0,1400,1.32,0.008201
2024-09-13 00:00:00,603399.SH,REBAL_BUY,44869.82,43248.0,200,6.37,0.2
2024-09-13 00:00:00,002466.SZ,REBAL_BUY,44869.82,38730.0,200,25.85,0.2
2024-09-13 00:00:00,600370.SH,REBAL_BUY,44869.82,1904.0,31500,1.36,0.2
2024-09-18 09:30:00,002123.SZ,BUY_ALLOC,43668.14,0.0,5700,6.57,0.171516
2024-09-18 09:31:00,603188.SH,BUY_ALLOC,43653.0,0.0,100,2.61,0.001196
2024-09-18 00:00:00,600370.SH,REBAL_SELL,43176.96,45402.0,1600,1.38,0.2
2024-09-18 00:00:00,002123.SZ,REBAL_BUY,43176.96,40413.0,300,7.1,0.2
2024-09-18 00:00:00,603188.SH,REBAL_BUY,43176.96,281.0,15200,2.81,0.2
2024-09-19 09:31:00,600082.SH,BUY_ALLOC,43762.29,0.0,19900,2.19,0.199171
2024-09-19 00:00:00,002123.SZ,REBAL_BUY,43837.53,41580.0,300,6.94,0.2
2024-09-19 00:00:00,603188.SH,REBAL_BUY,43837.53,42381.0,500,2.77,0.2
2024-09-19 00:00:00,600082.SH,REBAL_SELL,43837.53,45173.0,500,2.27,0.2
2024-09-20 09:31:00,002291.SZ,BUY_ALLOC,43818.93,0.0,9600,4.53,0.19849
2024-09-20 00:00:00,600370.SH,REBAL_BUY,43833.78,43194.0,400,1.38,0.2
2024-09-20 00:00:00,002123.SZ,REBAL_SELL,43833.78,44730.0,100,7.09,0.2
2024-09-20 00:00:00,600082.SH,REBAL_SELL,43833.78,48500.0,1800,2.5,0.2
2024-09-23 00:00:00,002123.SZ,REBAL_SELL,44770.69,45570.0,100,7.34,0.2
2024-09-23 00:00:00,002291.SZ,REBAL_SELL,44770.69,45696.0,100,4.76,0.2
2024-09-24 09:30:00,002031.SZ,BUY_ALLOC,45247.49,0.0,16900,2.67,0.19945
2024-09-24 09:30:00,603607.SH,BUY_ALLOC,45242.98,0.0,3200,14.02,0.198325
2024-09-24 09:37:00,000560.SZ,BUY_ALLOC,45232.09,0.0,1000,2.78,0.012292
2024-09-24 00:00:00,600370.SH,REBAL_SELL,45255.09,45648.0,200,1.44,0.2
2024-09-24 00:00:00,002291.SZ,REBAL_SELL,45255.09,46360.0,200,4.88,0.2
2024-09-24 00:00:00,002031.SZ,REBAL_SELL,45255.09,45968.0,200,2.72,0.2
2024-09-24 00:00:00,603607.SH,REBAL_SELL,45255.09,49888.0,200,15.57,0.2
2024-09-25 00:00:00,600370.SH,REBAL_BUY,46968.45,45360.0,1100,1.44,0.2
2024-09-25 00:00:00,002123.SZ,REBAL_BUY,46968.45,44591.0,300,7.32,0.2
2024-09-25 00:00:00,002291.SZ,REBAL_BUY,46968.45,45105.0,300,4.85,0.2
2024-09-25 00:00:00,002031.SZ,REBAL_BUY,46968.45,45090.0,600,2.7,0.2
2024-09-25 00:00:00,000560.SZ,REBAL_BUY,46968.45,2810.0,15700,2.81,0.2
2024-09-26 00:00:00,600370.SH,REBAL_SELL,46203.43,49552.0,2200,1.52,0.2
2024-09-26 00:00:00,002291.SZ,REBAL_SELL,46203.43,47712.0,300,4.97,0.2
2024-09-26 00:00:00,002031.SZ,REBAL_SELL,46203.43,47748.0,500,2.76,0.2
2024-09-26 00:00:00,000560.SZ,REBAL_SELL,46203.43,51603.0,1700,3.09,0.2
2024-09-27 00:00:00,600370.SH,REBAL_BUY,49259.43,48640.0,300,1.6,0.2
2024-09-27 00:00:00,002291.SZ,REBAL_BUY,49259.43,47988.0,200,5.17,0.2
2024-09-27 00:00:00,002031.SZ,REBAL_BUY,49259.43,48216.0,300,2.87,0.2
2024-09-27 00:00:00,000560.SZ,REBAL_SELL,49259.43,51000.0,500,3.4,0.2
2024-09-30 00:00:00,002123.SZ,REBAL_BUY,55323.0,54016.0,100,8.45,0.2
2024-09-30 00:00:00,002291.SZ,REBAL_BUY,55323.0,53960.0,200,5.69,0.2
2024-09-30 00:00:00,000560.SZ,REBAL_BUY,55323.0,54230.0,200,3.74,0.2
2024-10-08 00:00:00,002123.SZ,REBAL_SELL,58286.37,60320.0,200,9.27,0.2
2024-10-09 09:30:00,002976.SZ,BUY_ALLOC,59456.77,0.0,2400,24.21,0.19545
2024-10-09 09:31:00,000678.SZ,BUY_ALLOC,59441.36,0.0,10500,5.64,0.199255
2024-10-09 09:31:00,600336.SH,BUY_ALLOC,59645.44,0.0,9000,6.62,0.199781
2024-10-09 09:32:00,002444.SZ,BUY_ALLOC,59747.48,0.0,1800,30.84,0.185822
2024-10-09 00:00:00,002123.SZ,REBAL_SELL,60069.53,64323.0,400,10.2,0.2
2024-10-09 00:00:00,002976.SZ,REBAL_BUY,60069.53,55512.0,100,23.15,0.2
2024-10-14 09:30:00,600792.SH,BUY_ALLOC,55643.31,0.0,15500,3.57,0.198892
2024-10-14 09:30:00,600889.SH,BUY_ALLOC,55637.78,0.0,9300,5.97,0.19958
2024-10-14 09:33:00,000520.SZ,BUY_ALLOC,55613.63,0.0,20000,2.77,0.199232
2024-10-14 00:00:00,600792.SH,REBAL_SELL,55648.09,57970.0,600,3.74,0.2
2024-10-14 00:00:00,600889.SH,REBAL_SELL,55648.09,57660.0,300,6.19,0.2
2024-10-14 00:00:00,000520.SZ,REBAL_SELL,55648.09,57200.0,500,2.86,0.2
2024-10-15 09:31:00,600281.SH,BUY_ALLOC,56443.89,0.0,15600,3.6,0.198994
2024-10-15 09:31:00,605399.SH,BUY_ALLOC,56750.27,0.0,4500,12.34,0.1957
2024-10-15 09:35:00,603900.SH,BUY_ALLOC,57032.72,0.0,900,6.06,0.019126
2024-10-15 00:00:00,000520.SZ,REBAL_SELL,56135.34,61425.0,1600,3.15,0.2
2024-10-15 00:00:00,603900.SH,REBAL_BUY,56135.34,6318.0,7000,7.03,0.2
2024-10-16 09:30:00,000697.SZ,BUY_ALLOC,55632.82,0.0,7100,7.73,0.197304
2024-10-16 09:30:00,600114.SH,BUY_ALLOC,55613.13,0.0,300,17.5,0.01888
2024-10-16 09:31:00,600577.SH,BUY_ALLOC,55610.93,0.0,300,5.25,0.005664
2024-10-16 00:00:00,600114.SH,REBAL_BUY,56184.47,5430.0,2800,18.12,0.2
2024-10-16 00:00:00,600577.SH,REBAL_BUY,56184.47,1602.0,10200,5.35,0.2
2024-10-17 09:31:00,600965.SH,BUY_ALLOC,56648.14,0.0,13200,4.27,0.198997
2024-10-17 11:09:00,002231.SZ,BUY_ALLOC,56748.1,0.0,800,5.74,0.016184
2024-10-17 00:00:00,603900.SH,REBAL_BUY,56959.26,54352.0,300,6.89,0.2
2024-10-17 00:00:00,600965.SH,REBAL_BUY,56959.26,55704.0,200,4.22,0.2
2024-10-17 00:00:00,002231.SZ,REBAL_BUY,56959.26,4640.0,9000,5.81,0.2
2024-10-18 09:30:00,600279.SH,BUY_ALLOC,56803.23,0.0,12700,4.46,0.199432
2024-10-18 09:30:00,601005.SH,BUY_ALLOC,56797.56,0.0,400,1.33,0.001873
2024-10-18 00:00:00,600114.SH,REBAL_SELL,56415.88,58962.0,100,19.0,0.2
2024-10-18 00:00:00,002231.SZ,REBAL_SELL,56415.88,59388.0,400,6.05,0.2
2024-10-18 00:00:00,600279.SH,REBAL_SELL,56415.88,57912.0,300,4.56,0.2
2024-10-18 00:00:00,601005.SH,REBAL_BUY,56415.88,540.0,41300,1.35,0.2
2024-10-21 00:00:00,002231.SZ,REBAL_SELL,56698.44,62698.0,800,6.66,0.2
2024-10-22 09:31:00,000810.SZ,BUY_ALLOC,57609.04,0.0,4900,11.75,0.199882
2024-10-22 10:12:00,603339.SH,BUY_ALLOC,57613.08,0.0,5200,11.05,0.199469
2024-10-22 00:00:00,000810.SZ,REBAL_SELL,58238.64,63896.0,400,13.03,0.2
2024-10-23 09:30:00,603636.SH,BUY_ALLOC,59686.44,0.0,5300,11.16,0.198196
2024-10-23 00:00:00,603339.SH,REBAL_BUY,59258.91,57668.0,100,11.1,0.2
2024-10-23 00:00:00,603636.SH,REBAL_BUY,59258.91,57717.0,100,10.9,0.2
2024-10-24 09:30:00,002708.SZ,BUY_ALLOC,59113.71,0.0,6700,8.81,0.199707
2024-10-24 09:31:00,002645.SZ,BUY_ALLOC,59094.41,0.0,7400,7.94,0.198855
2024-10-24 09:31:00,002717.SZ,BUY_ALLOC,59088.54,0.0,29800,1.98,0.199714
2024-10-24 13:20:00,603081.SH,BUY_ALLOC,59380.64,0.0,100,10.36,0.003489
2024-10-24 00:00:00,002645.SZ,REBAL_BUY,59582.22,57868.0,200,7.83,0.2
2024-10-24 00:00:00,002717.SZ,REBAL_SELL,59582.22,68242.0,3700,2.29,0.2
2024-10-24 00:00:00,603081.SH,REBAL_BUY,59582.22,1027.0,5700,10.28,0.2
2024-10-25 09:39:00,002671.SZ,BUY_ALLOC,61234.76,0.0,13800,4.43,0.199671
2024-10-25 00:00:00,002717.SZ,REBAL_SELL,61504.64,65772.0,1600,2.52,0.2
2024-10-25 00:00:00,002671.SZ,REBAL_SELL,61504.64,62100.0,100,4.5,0.2
2024-10-28 00:00:00,002645.SZ,REBAL_BUY,64577.49,60800.0,400,8.01,0.2
2024-10-28 00:00:00,002717.SZ,REBAL_SELL,64577.49,67865.0,1100,2.77,0.2
2024-10-28 00:00:00,603081.SH,REBAL_BUY,64577.49,61480.0,200,10.61,0.2
2024-10-28 00:00:00,002671.SZ,REBAL_BUY,64577.49,63020.0,300,4.6,0.2
2024-10-29 11:18:00,600743.SH,BUY_ALLOC,67309.09,0.0,40700,1.65,0.199542
2024-10-29 00:00:00,002717.SZ,REBAL_SELL,66779.16,71370.0,1500,3.05,0.2
2024-10-30 09:30:00,002290.SZ,BUY_ALLOC,66789.76,0.0,4400,15.09,0.198821
2024-10-30 09:30:00,002640.SZ,BUY_ALLOC,66765.52,0.0,21200,3.14,0.199408
2024-10-30 09:30:00,600581.SH,BUY_ALLOC,66758.86,0.0,18000,3.45,0.186043
2024-10-30 00:00:00,002717.SZ,REBAL_SELL,66752.65,73584.0,2000,3.36,0.2
2024-10-30 00:00:00,600743.SH,REBAL_SELL,66752.65,73260.0,3600,1.8,0.2
2024-10-30 00:00:00,002640.SZ,REBAL_BUY,66752.65,65508.0,400,3.09,0.2
2024-10-30 00:00:00,600581.SH,REBAL_BUY,66752.65,65880.0,200,3.66,0.2
2024-10-31 00:00:00,002717.SZ,REBAL_SELL,69641.3,73630.0,1000,3.7,0.2
2024-10-31 00:00:00,002290.SZ,REBAL_BUY,69641.3,66880.0,100,15.22,0.2
2024-10-31 00:00:00,002640.SZ,REBAL_BUY,69641.3,68040.0,500,3.15,0.2
2024-10-31 00:00:00,600581.SH,REBAL_BUY,69641.3,66248.0,900,3.64,0.2
2024-11-01 09:31:00,000590.SZ,BUY_ALLOC,71732.3,0.0,9600,7.4,0.19807
2024-11-01 09:31:00,000948.SZ,BUY_ALLOC,71763.6,0.0,200,21.4,0.011928
2024-11-01 09:32:00,002795.SZ,BUY_ALLOC,71762.6,0.0,200,4.71,0.002625
2024-11-01 00:00:00,002640.SZ,REBAL_BUY,69687.66,63869.0,2000,2.89,0.2
2024-11-01 00:00:00,000948.SZ,REBAL_BUY,69687.66,4032.0,3200,20.18,0.2
2024-11-01 00:00:00,002795.SZ,REBAL_BUY,69687.66,898.0,15300,4.49,0.2
2024-11-04 09:31:00,002222.SZ,BUY_ALLOC,66760.73,0.0,2100,30.27,0.190432
2024-11-04 09:35:00,000563.SZ,BUY_ALLOC,67060.98,0.0,100,3.91,0.001166
2024-11-04 00:00:00,000590.SZ,REBAL_SELL,67983.2,72096.0,500,7.5,0.2
2024-11-04 00:00:00,000563.SZ,REBAL_BUY,67983.2,437.0,15400,4.37,0.2
2024-11-05 09:37:00,603266.SH,BUY_ALLOC,68915.07,0.0,3400,19.87,0.196062
2024-11-05 00:00:00,000590.SZ,REBAL_SELL,69221.11,70525.0,100,7.74,0.2
2024-11-05 00:00:00,603266.SH,REBAL_SELL,69221.11,73610.0,200,21.63,0.2
2024-11-06 09:42:00,002919.SZ,BUY_ALLOC,71068.71,0.0,4600,15.37,0.198968
2024-11-06 09:42:00,600503.SH,BUY_ALLOC,71135.24,0.0,3500,2.53,0.024896
2024-11-07 00:00:00,000590.SZ,REBAL_SELL,69858.42,71550.0,200,7.94,0.2
2024-11-07 00:00:00,000563.SZ,REBAL_SELL,69858.42,73470.0,700,4.74,0.2
2024-11-07 00:00:00,002919.SZ,REBAL_SELL,69858.42,75486.0,300,16.39,0.2
2024-11-07 00:00:00,600503.SH,REBAL_BUY,69858.42,9380.0,22500,2.68,0.2
2024-11-08 00:00:00,002919.SZ,REBAL_BUY,72219.36,67596.0,200,15.74,0.2
2024-11-11 09:30:00,002171.SZ,BUY_ALLOC,72914.16,0.0,10200,7.11,0.198924
2024-11-11 09:30:00,002782.SZ,BUY_ALLOC,72886.51,0.0,5200,13.85,0.197622
2024-11-11 09:31:00,002219.SZ,BUY_ALLOC,72868.91,0.0,25400,2.86,0.199383
2024-11-11 09:33:00,600480.SH,BUY_ALLOC,72912.44,0.0,100,10.22,0.002803
2024-11-11 00:00:00,002919.SZ,REBAL_BUY,73697.49,71640.0,100,15.94,0.2
2024-11-11 00:00:00,002171.SZ,REBAL_SELL,73697.49,75786.0,200,7.42,0.2
2024-11-11 00:00:00,600480.SH,REBAL_BUY,73697.49,1035.0,7000,10.36,0.2
2024-11-13 09:30:00,603516.SH,BUY_ALLOC,76582.46,0.0,2100,35.2,0.193047
2024-11-13 09:31:00,000599.SZ,BUY_ALLOC,76558.27,0.0,13600,5.61,0.199315
2024-11-13 09:31:00,002862.SZ,BUY_ALLOC,76822.64,0.0,3500,21.51,0.195997
2024-11-13 00:00:00,000599.SZ,REBAL_BUY,77158.11,75208.0,300,5.54,0.2
2024-11-14 09:32:00,603311.SH,BUY_ALLOC,78622.91,0.0,7300,10.73,0.199252
2024-11-14 09:33:00,600787.SH,BUY_ALLOC,78863.28,0.0,13200,5.81,0.194494
2024-11-14 00:00:00,600787.SH,REBAL_BUY,79130.96,74976.0,700,5.69,0.2
2024-11-15 09:30:00,600281.SH,BUY_ALLOC,78189.56,0.0,18000,4.33,0.199362
2024-11-15 00:00:00,603311.SH,REBAL_SELL,78181.77,79570.0,100,10.89,0.2
2024-11-15 00:00:00,600787.SH,REBAL_SELL,78181.77,86875.0,1300,6.24,0.2
2024-11-15 00:00:00,600281.SH,REBAL_BUY,78181.77,76140.0,400,4.23,0.2
2024-11-18 09:31:00,000679.SZ,BUY_ALLOC,81107.57,0.0,17200,4.69,0.198916
2024-11-18 09:31:00,600844.SH,BUY_ALLOC,81237.1,0.0,500,3.2,0.003939
2024-11-18 00:00:00,600787.SH,REBAL_SELL,79418.06,86688.0,1000,6.87,0.2
2024-11-18 00:00:00,000679.SZ,REBAL_BUY,79418.06,76024.0,700,4.42,0.2
2024-11-18 00:00:00,600844.SH,REBAL_BUY,79418.06,1565.0,24800,3.13,0.2
2024-11-19 09:30:00,001296.SZ,BUY_ALLOC,77184.3,0.0,4000,17.77,0.184183
2024-11-19 09:30:00,002103.SZ,BUY_ALLOC,77161.19,0.0,200,6.64,0.003442
2024-11-19 00:00:00,001296.SZ,REBAL_SELL,78675.09,81400.0,100,20.33,0.2
2024-11-19 00:00:00,002103.SZ,REBAL_BUY,78675.09,1448.0,10600,7.25,0.2
2024-11-20 09:30:00,000906.SZ,BUY_ALLOC,79300.8,0.0,11100,7.09,0.198482
2024-11-20 09:31:00,001696.SZ,BUY_ALLOC,79270.73,0.0,2900,26.46,0.1936
2024-11-20 09:31:00,002582.SZ,BUY_ALLOC,79332.66,0.0,12000,6.58,0.199061
2024-11-20 09:31:00,600322.SH,BUY_ALLOC,79516.76,0.0,4800,2.43,0.029337
2024-11-20 00:00:00,002103.SZ,REBAL_SELL,80753.13,85968.0,600,7.95,0.2
2024-11-20 00:00:00,000906.SZ,REBAL_SELL,80753.13,81918.0,100,7.37,0.2
2024-11-20 00:00:00,002582.SZ,REBAL_SELL,80753.13,82320.0,200,6.85,0.2
2024-11-20 00:00:00,600322.SH,REBAL_BUY,80753.13,12000.0,27500,2.5,0.2
2024-11-21 00:00:00,002103.SZ,REBAL_SELL,82305.93,89352.0,800,8.75,0.2
2024-11-21 00:00:00,001696.SZ,REBAL_BUY,82305.93,79228.0,100,27.35,0.2
2024-11-21 00:00:00,002582.SZ,REBAL_BUY,82305.93,78234.0,600,6.64,0.2
2024-11-22 09:32:00,603196.SH,BUY_ALLOC,83926.73,0.0,5300,15.56,0.196524
2024-11-22 10:14:00,002312.SZ,BUY_ALLOC,84883.08,0.0,5000,16.78,0.197684
2024-11-22 10:58:00,603217.SH,BUY_ALLOC,85434.69,0.0,200,19.0,0.008896
2024-11-22 13:15:00,002123.SZ,BUY_ALLOC,85458.09,0.0,100,11.04,0.002584
2024-11-22 00:00:00,002103.SZ,REBAL_SELL,84440.06,90616.0,600,9.63,0.2
2024-11-22 00:00:00,603196.SH,REBAL_SELL,84440.06,87715.0,100,16.53,0.2
2024-11-22 00:00:00,002312.SZ,REBAL_BUY,84440.06,80550.0,200,16.13,0.2
2024-11-22 00:00:00,603217.SH,REBAL_BUY,84440.06,3628.0,4400,18.16,0.2
2024-11-22 00:00:00,002123.SZ,REBAL_BUY,84440.06,1078.0,7700,10.79,0.2
2024-11-25 00:00:00,002103.SZ,REBAL_SELL,88300.58,93280.0,400,10.59,0.2
2024-11-25 00:00:00,603196.SH,REBAL_SELL,88300.58,94692.0,300,18.19,0.2
2024-11-25 00:00:00,002123.SZ,REBAL_BUY,88300.58,87048.0,100,11.17,0.2
2024-11-26 09:30:00,002121.SZ,BUY_ALLOC,92769.58,0.0,20000,4.62,0.199203
2024-11-26 09:30:00,603060.SH,BUY_ALLOC,92760.34,0.0,11300,7.75,0.18882
2024-11-26 00:00:00,002103.SZ,REBAL_SELL,88713.43,97944.0,700,11.65,0.2
2024-11-26 00:00:00,603060.SH,REBAL_BUY,88713.43,84185.0,600,7.46,0.2
2024-11-27 09:30:00,000716.SZ,BUY_ALLOC,87287.63,0.0,13900,6.26,0.199373
2024-11-27 09:30:00,002397.SZ,BUY_ALLOC,87251.13,0.0,27900,2.95,0.188662
2024-11-27 00:00:00,002103.SZ,REBAL_SELL,87928.71,98791.0,800,12.82,0.2
2024-11-27 00:00:00,000716.SZ,REBAL_SELL,87928.71,92713.0,700,6.66,0.2
2024-11-27 00:00:00,002397.SZ,REBAL_BUY,87928.71,85932.0,600,3.08,0.2
2024-11-28 09:31:00,002122.SZ,BUY_ALLOC,92915.68,0.0,30300,3.06,0.199574
2024-11-28 14:45:00,603489.SH,BUY_ALLOC,93088.21,0.0,3700,24.5,0.194762
2024-11-28 00:00:00,002103.SZ,REBAL_SELL,93811.75,97359.0,200,14.1,0.2
2024-11-28 00:00:00,000716.SZ,REBAL_SELL,93811.75,96888.0,400,7.33,0.2
2024-11-28 00:00:00,002397.SZ,REBAL_BUY,93811.75,90630.0,1000,3.18,0.2
2024-11-28 00:00:00,002122.SZ,REBAL_SELL,93811.75,99081.0,1600,3.27,0.2
2024-11-29 00:00:00,002103.SZ,REBAL_SELL,100297.55,103984.0,200,15.5,0.2
2024-11-29 00:00:00,000716.SZ,REBAL_SELL,100297.55,103296.0,300,8.06,0.2
2024-11-29 00:00:00,002397.SZ,REBAL_BUY,100297.55,94400.0,1800,3.2,0.2
2024-11-29 00:00:00,002122.SZ,REBAL_BUY,100297.55,93275.0,2100,3.25,0.2
2024-11-29 00:00:00,603489.SH,REBAL_BUY,100297.55,91871.0,300,24.85,0.2
2024-12-02 00:00:00,002103.SZ,REBAL_SELL,105905.18,110955.0,200,17.05,0.2
2024-12-02 00:00:00,000716.SZ,REBAL_SELL,105905.18,111000.0,500,8.87,0.2
2024-12-02 00:00:00,002397.SZ,REBAL_BUY,105905.18,100786.0,1500,3.22,0.2
2024-12-03 09:30:00,002677.SZ,BUY_ALLOC,109336.78,0.0,13200,8.24,0.19896
2024-12-03 09:30:00,603386.SH,BUY_ALLOC,109299.51,0.0,100,13.06,0.00239
2024-12-03 09:32:00,000679.SZ,BUY_ALLOC,109298.31,0.0,100,5.64,0.001032
2024-12-03 00:00:00,000716.SZ,REBAL_SELL,104454.58,117240.0,1300,9.76,0.2
2024-12-03 00:00:00,002677.SZ,REBAL_SELL,104454.58,106392.0,200,8.05,0.2
2024-12-03 00:00:00,603386.SH,REBAL_BUY,104454.58,1290.0,7900,12.91,0.2
2024-12-03 00:00:00,000679.SZ,REBAL_BUY,104454.58,567.0,18300,5.68,0.2
2024-12-04 00:00:00,000679.SZ,REBAL_SELL,101479.97,104696.0,500,5.68,0.2
2024-12-05 09:30:00,002046.SZ,BUY_ALLOC,101527.77,0.0,7100,14.13,0.197627
2024-12-05 09:30:00,002896.SZ,BUY_ALLOC,101503.54,0.0,2800,35.75,0.197235
2024-12-05 09:31:00,605378.SH,BUY_ALLOC,101471.13,0.0,5300,18.95,0.197958
2024-12-05 09:32:00,002892.SZ,BUY_ALLOC,101885.09,0.0,6200,16.35,0.198989
2024-12-05 09:40:00,000912.SZ,BUY_ALLOC,102023.75,0.0,1100,5.03,0.010846
2024-12-05 00:00:00,000679.SZ,REBAL_SELL,102053.55,104178.0,300,5.81,0.2
2024-12-05 00:00:00,002046.SZ,REBAL_SELL,102053.55,111683.0,600,15.71,0.2
2024-12-05 00:00:00,002892.SZ,REBAL_SELL,102053.55,104594.0,100,16.85,0.2
2024-12-06 00:00:00,000679.SZ,REBAL_BUY,107106.57,105776.0,200,6.02,0.2
2024-12-06 00:00:00,002892.SZ,REBAL_BUY,107106.57,104615.0,100,17.17,0.2
2024-12-09 09:30:00,002135.SZ,BUY_ALLOC,108275.57,0.0,21400,5.04,0.199225
2024-12-09 09:30:00,600769.SH,BUY_ALLOC,108221.98,0.0,8700,12.3,0.19776
2024-12-09 09:38:00,603721.SH,BUY_ALLOC,108193.88,0.0,3300,32.13,0.195998
2024-12-09 09:42:00,600337.SH,BUY_ALLOC,109074.28,0.0,3500,2.27,0.014568
2024-12-10 00:00:00,000679.SZ,REBAL_BUY,108815.72,107512.0,200,6.05,0.2
2024-12-10 00:00:00,002892.SZ,REBAL_SELL,108815.72,121334.0,600,19.55,0.2
2024-12-10 00:00:00,600337.SH,REBAL_BUY,108815.72,7910.0,44600,2.26,0.2
2024-12-11 09:30:00,600186.SH,BUY_ALLOC,110305.66,0.0,19800,5.55,0.199246
2024-12-11 09:37:00,603238.SH,BUY_ALLOC,110255.07,0.0,500,12.66,0.011482
2024-12-11 00:00:00,000679.SZ,REBAL_SELL,110034.18,119520.0,1400,6.63,0.2
2024-12-11 00:00:00,600337.SH,REBAL_SELL,110034.18,119769.0,3900,2.49,0.2
2024-12-11 00:00:00,600186.SH,REBAL_SELL,110034.18,114840.0,800,5.79,0.2
2024-12-11 00:00:00,603238.SH,REBAL_BUY,110034.18,6450.0,8000,12.91,0.2
2024-12-12 09:31:00,000949.SZ,BUY_ALLOC,118275.65,0.0,6800,4.68,0.053813
2024-12-12 00:00:00,603721.SH,REBAL_BUY,119338.45,108966.0,300,33.05,0.2
2024-12-12 00:00:00,600337.SH,REBAL_SELL,119338.45,121108.0,600,2.74,0.2
2024-12-12 00:00:00,600186.SH,REBAL_BUY,119338.45,111150.0,1300,5.86,0.2
2024-12-12 00:00:00,603238.SH,REBAL_BUY,119338.45,110840.0,600,13.05,0.2
2024-12-12 00:00:00,000949.SZ,REBAL_BUY,119338.45,31892.0,18600,4.69,0.2
2024-12-13 00:00:00,600186.SH,REBAL_BUY,120336.65,117334.0,500,5.79,0.2
2024-12-13 00:00:00,603238.SH,REBAL_SELL,120336.65,130494.0,700,14.33,0.2
2024-12-16 09:30:00,001380.SZ,BUY_ALLOC,124103.05,0.0,5000,24.52,0.197578
2024-12-16 09:30:00,002279.SZ,BUY_ALLOC,124070.79,0.0,15300,8.07,0.199033
2024-12-16 09:32:00,603123.SH,BUY_ALLOC,124027.84,0.0,12300,10.08,0.199929
2024-12-16 10:02:00,000659.SZ,BUY_ALLOC,124655.04,0.0,200,3.62,0.001162
2024-12-16 00:00:00,603238.SH,REBAL_SELL,123994.06,132468.0,500,15.75,0.2
2024-12-16 00:00:00,002279.SZ,REBAL_BUY,123994.06,118575.0,600,7.76,0.2
2024-12-16 00:00:00,603123.SH,REBAL_BUY,123994.06,122754.0,100,9.99,0.2
2024-12-17 09:30:00,002163.SZ,BUY_ALLOC,122701.26,0.0,10200,11.56,0.192194
2024-12-17 00:00:00,603238.SH,REBAL_SELL,119224.99,137065.0,1000,17.33,0.2
2024-12-17 00:00:00,000659.SZ,REBAL_BUY,119224.99,676.0,35000,3.38,0.2
2024-12-17 00:00:00,002163.SZ,REBAL_BUY,119224.99,115158.0,300,11.3,0.2
2024-12-18 09:30:00,605001.SH,BUY_ALLOC,122329.22,0.0,17700,6.91,0.199964
2024-12-18 09:45:00,001389.SZ,BUY_ALLOC,122281.59,0.0,2600,45.84,0.194934
2024-12-18 00:00:00,603238.SH,REBAL_SELL,120938.72,131721.0,500,19.07,0.2
2024-12-18 00:00:00,605001.SH,REBAL_SELL,120938.72,128856.0,1000,7.27,0.2
2024-12-19 09:30:00,000868.SZ,BUY_ALLOC,120686.32,0.0,19100,6.31,0.199726
2024-12-19 00:00:00,605001.SH,REBAL_BUY,121251.94,119405.0,200,7.16,0.2
2024-12-19 00:00:00,001389.SZ,REBAL_SELL,121251.94,131118.0,100,50.38,0.2
2024-12-19 00:00:00,000868.SZ,REBAL_BUY,121251.94,115746.0,900,6.07,0.2
2024-12-20 09:30:00,002514.SZ,BUY_ALLOC,121148.54,0.0,14600,8.27,0.199329
2024-12-20 09:30:00,002835.SZ,BUY_ALLOC,121107.27,0.0,6000,20.06,0.198766
2024-12-20 09:31:00,000553.SZ,BUY_ALLOC,121071.23,0.0,300,7.21,0.003573
2024-12-20 00:00:00,001389.SZ,REBAL_SELL,121875.59,129600.0,100,51.79,0.2
2024-12-20 00:00:00,002514.SZ,REBAL_SELL,121875.59,133444.0,1200,9.13,0.2
2024-12-20 00:00:00,000553.SZ,REBAL_BUY,121875.59,2181.0,16400,7.28,0.2
2024-12-23 09:30:00,002404.SZ,BUY_ALLOC,124956.35,0.0,17900,6.96,0.199404
2024-12-23 00:00:00,002404.SZ,REBAL_SELL,121165.28,125121.0,500,6.98,0.2
2024-12-24 09:30:00,002582.SZ,BUY_ALLOC,120687.28,0.0,15600,7.71,0.199318
2024-12-24 09:30:00,003010.SZ,BUY_ALLOC,120644.05,0.0,4500,26.58,0.198286
2024-12-24 09:31:00,603657.SH,BUY_ALLOC,120605.09,0.0,7300,16.44,0.199016
2024-12-24 00:00:00,001389.SZ,REBAL_SELL,121439.89,133056.0,200,55.38,0.2
2024-12-24 00:00:00,002404.SZ,REBAL_SELL,121439.89,125106.0,500,7.18,0.2
2024-12-24 00:00:00,002582.SZ,REBAL_SELL,121439.89,132756.0,1300,8.5,0.2
2024-12-24 00:00:00,003010.SZ,REBAL_SELL,121439.89,133200.0,300,29.57,0.2
2024-12-25 00:00:00,002582.SZ,REBAL_BUY,124969.13,113542.0,1400,7.95,0.2
2024-12-25 00:00:00,003010.SZ,REBAL_BUY,124969.13,121338.0,100,28.92,0.2
2024-12-26 09:30:00,603350.SH,BUY_ALLOC,125120.42,0.0,3400,35.75,0.194293
2024-12-26 09:31:00,000755.SZ,BUY_ALLOC,125081.06,0.0,23800,5.24,0.19941
2024-12-26 09:31:00,603767.SH,BUY_ALLOC,125877.79,0.0,700,12.52,0.013925
2024-12-26 00:00:00,002582.SZ,REBAL_SELL,127705.15,137061.0,1000,8.72,0.2
2024-12-26 00:00:00,603657.SH,REBAL_SELL,127705.15,129648.0,100,17.74,0.2
2024-12-26 00:00:00,000755.SZ,REBAL_SELL,127705.15,132090.0,700,5.54,0.2
2024-12-26 00:00:00,603767.SH,REBAL_BUY,127705.15,8995.0,9200,12.86,0.2
2024-12-27 00:00:00,000755.SZ,REBAL_BUY,131977.41,123354.0,1600,5.35,0.2
2024-12-27 00:00:00,603767.SH,REBAL_BUY,131977.41,127413.0,300,12.88,0.2
2024-12-30 09:30:00,600736.SH,BUY_ALLOC,131048.81,0.0,19700,6.65,0.199933
2024-12-30 09:31:00,002862.SZ,BUY_ALLOC,130996.31,0.0,4200,30.87,0.197951
2024-12-30 09:34:00,600857.SH,BUY_ALLOC,131512.54,0.0,100,7.81,0.001188
2024-12-30 00:00:00,600736.SH,REBAL_SELL,129021.81,130611.0,200,6.62,0.2
2024-12-30 00:00:00,600857.SH,REBAL_BUY,129021.81,899.0,14200,9.0,0.2
2024-12-31 09:30:00,600855.SH,BUY_ALLOC,128149.63,0.0,9700,13.19,0.199678
2024-12-31 09:33:00,603016.SH,BUY_ALLOC,128117.44,0.0,3200,38.6,0.192823
2024-12-31 13:11:00,000697.SZ,BUY_ALLOC,128194.68,0.0,300,8.86,0.004147
2024-12-31 00:00:00,603016.SH,REBAL_BUY,126212.66,119360.0,100,37.34,0.2
2024-12-31 00:00:00,000697.SZ,REBAL_BUY,126212.66,2649.0,13900,8.84,0.2
2025-01-03 09:30:00,000592.SZ,BUY_ALLOC,121136.36,0.0,42200,2.87,0.199963
2025-01-03 09:30:00,002062.SZ,BUY_ALLOC,121124.25,0.0,23300,5.19,0.199674
2025-01-03 09:30:00,601226.SH,BUY_ALLOC,121065.56,0.0,17900,6.76,0.199898
2025-01-03 09:30:00,605580.SH,BUY_ALLOC,121017.66,0.0,11100,10.88,0.199587
2025-01-03 09:31:00,000558.SZ,BUY_ALLOC,120983.38,0.0,35400,3.41,0.199555
2025-01-03 00:00:00,000592.SZ,REBAL_SELL,121254.51,128288.0,2300,3.04,0.2
2025-01-03 00:00:00,605580.SH,REBAL_SELL,121254.51,131313.0,800,11.82,0.2
2025-01-03 00:00:00,000558.SZ,REBAL_BUY,121254.51,113280.0,2400,3.2,0.2
2025-01-06 00:00:00,000592.SZ,REBAL_BUY,122995.53,116907.0,2000,2.93,0.2
2025-01-06 00:00:00,601226.SH,REBAL_SELL,122995.53,133892.0,1400,7.47,0.2
2025-01-07 09:30:00,002213.SZ,BUY_ALLOC,126470.28,0.0,9000,13.99,0.199114
2025-01-07 09:31:00,002426.SZ,BUY_ALLOC,126439.69,0.0,43000,2.94,0.199969
2025-01-07 10:24:00,603016.SH,BUY_ALLOC,126513.05,0.0,3000,41.27,0.195727
2025-01-07 00:00:00,002213.SZ,REBAL_SELL,126277.39,143100.0,1000,15.88,0.2
2025-01-07 00:00:00,002426.SZ,REBAL_SELL,126277.39,133730.0,2300,3.11,0.2
2025-01-07 00:00:00,603016.SH,REBAL_BUY,126277.39,119400.0,100,39.84,0.2
2025-01-08 09:31:00,002370.SZ,BUY_ALLOC,126622.01,0.0,40700,3.11,0.199929
2025-01-08 09:31:00,603083.SH,BUY_ALLOC,127179.15,0.0,3100,39.98,0.194903
2025-01-08 10:35:00,600259.SH,BUY_ALLOC,127179.15,0.0,700,28.96,0.031879
2025-01-08 00:00:00,002370.SZ,REBAL_SELL,129591.75,135938.0,1900,3.34,0.2
2025-01-08 00:00:00,603083.SH,REBAL_BUY,129591.75,123628.0,100,39.92,0.2
2025-01-08 00:00:00,600259.SH,REBAL_BUY,129591.75,20692.0,3600,29.59,0.2
2025-01-09 09:30:00,000737.SZ,BUY_ALLOC,130122.3,0.0,15100,8.57,0.198901
2025-01-09 09:31:00,000430.SZ,BUY_ALLOC,130079.16,0.0,20700,6.26,0.199236
2025-01-09 09:31:00,000880.SZ,BUY_ALLOC,130438.8,0.0,500,17.86,0.013692
2025-01-09 13:34:00,003037.SZ,BUY_ALLOC,130441.8,0.0,200,6.94,0.002128
2025-01-09 00:00:00,000430.SZ,REBAL_SELL,130446.4,137241.0,1000,6.62,0.2
2025-01-10 00:00:00,000430.SZ,REBAL_SELL,129206.25,131990.0,400,6.69,0.2
2025-01-10 00:00:00,003037.SZ,REBAL_BUY,129206.25,1368.0,18600,6.85,0.2
2025-01-13 09:30:00,000010.SZ,BUY_ALLOC,127498.91,0.0,43200,2.95,0.199908
2025-01-13 09:30:00,603308.SH,BUY_ALLOC,127486.16,0.0,8000,15.91,0.199677
2025-01-13 09:30:00,603516.SH,BUY_ALLOC,127441.44,0.0,100,52.05,0.008168
2025-01-13 00:00:00,600259.SH,REBAL_SELL,127314.19,132440.0,100,30.77,0.2
2025-01-13 00:00:00,000010.SZ,REBAL_SELL,127314.19,132192.0,1500,3.06,0.2
2025-01-13 00:00:00,603516.SH,REBAL_BUY,127314.19,5048.0,2400,50.53,0.2
2025-01-14 00:00:00,000010.SZ,REBAL_SELL,130404.46,130938.0,100,3.14,0.2
2025-01-14 00:00:00,603308.SH,REBAL_SELL,130404.46,138800.0,400,17.33,0.2
2025-01-15 00:00:00,600259.SH,REBAL_BUY,133176.18,128226.0,100,30.56,0.2
2025-01-15 00:00:00,000430.SZ,REBAL_SELL,133176.18,143785.0,1400,7.44,0.2
2025-01-16 13:11:00,002347.SZ,BUY_ALLOC,135811.94,0.0,19100,7.09,0.199421
2025-01-16 00:00:00,002347.SZ,REBAL_SELL,136772.51,138093.0,100,7.22,0.2
2025-01-17 09:30:00,001282.SZ,BUY_ALLOC,136237.11,0.0,6200,21.8,0.198419
2025-01-17 09:31:00,603600.SH,BUY_ALLOC,136198.8,0.0,10400,13.06,0.19945
2025-01-17 09:42:00,600689.SH,BUY_ALLOC,136622.01,0.0,12900,10.52,0.198662
2025-01-17 00:00:00,002347.SZ,REBAL_SELL,137330.84,138700.0,100,7.29,0.2
2025-01-17 00:00:00,001282.SZ,REBAL_BUY,137330.84,133548.0,100,21.56,0.2
2025-01-17 00:00:00,603600.SH,REBAL_BUY,137330.84,132600.0,300,12.76,0.2
2025-01-17 00:00:00,600689.SH,REBAL_BUY,137330.84,134418.0,200,10.43,0.2
2025-01-20 09:30:00,002468.SZ,BUY_ALLOC,136210.44,0.0,11900,10.87,0.189931
2025-01-20 09:31:00,002426.SZ,BUY_ALLOC,136173.71,0.0,200,3.17,0.000931
2025-01-20 00:00:00,001282.SZ,REBAL_SELL,135495.41,140364.0,200,22.26,0.2
2025-01-20 00:00:00,600689.SH,REBAL_SELL,135495.41,142921.0,600,10.9,0.2
2025-01-20 00:00:00,002468.SZ,REBAL_BUY,135495.41,128401.0,600,10.8,0.2
2025-01-20 00:00:00,002426.SZ,REBAL_BUY,135495.41,626.0,43000,3.13,0.2
2025-01-21 00:00:00,600689.SH,REBAL_SELL,135388.99,139250.0,300,11.13,0.2
2025-01-22 09:31:00,002212.SZ,BUY_ALLOC,135364.59,0.0,19800,6.81,0.199222
2025-01-22 09:31:00,603901.SH,BUY_ALLOC,135430.31,0.0,16800,8.06,0.199967
2025-01-22 09:35:00,603863.SH,BUY_ALLOC,135584.77,0.0,7500,18.05,0.199691
2025-01-22 00:00:00,002212.SZ,REBAL_BUY,136139.08,133056.0,400,6.73,0.2
2025-01-22 00:00:00,603901.SH,REBAL_SELL,136139.08,150192.0,1500,8.93,0.2
2025-01-22 00:00:00,603863.SH,REBAL_BUY,136139.08,132075.0,200,17.63,0.2
2025-01-23 13:03:00,600183.SH,BUY_ALLOC,137635.54,0.0,4600,29.75,0.198859
2025-01-23 13:58:00,603155.SH,BUY_ALLOC,139158.26,0.0,300,14.13,0.006092
2025-01-23 00:00:00,002212.SZ,REBAL_BUY,140612.59,136148.0,600,6.75,0.2
2025-01-23 00:00:00,603901.SH,REBAL_BUY,140612.59,128979.0,1300,8.44,0.2
2025-01-23 00:00:00,603155.SH,REBAL_BUY,140612.59,4224.0,9600,14.09,0.2
2025-01-24 09:31:00,600410.SH,BUY_ALLOC,137257.37,0.0,17000,7.8,0.193214
2025-01-24 00:00:00,002212.SZ,REBAL_SELL,137293.11,143936.0,900,6.91,0.2
2025-01-24 00:00:00,603901.SH,REBAL_SELL,137293.11,144752.0,800,8.71,0.2
2025-01-24 00:00:00,600183.SH,REBAL_SELL,137293.11,140852.0,100,30.59,0.2
2025-01-24 00:00:00,600410.SH,REBAL_SELL,137293.11,149770.0,1400,8.8,0.2
2025-01-27 09:41:00,603915.SH,BUY_ALLOC,144410.47,0.0,10100,14.18,0.198348
2025-01-27 00:00:00,002212.SZ,REBAL_BUY,144321.11,142882.0,200,7.19,0.2
2025-01-27 00:00:00,603915.SH,REBAL_BUY,144321.11,137966.0,400,13.67,0.2
2025-02-05 00:00:00,002212.SZ,REBAL_SELL,144047.81,149343.0,700,7.42,0.2
2025-02-06 09:30:00,002394.SZ,BUY_ALLOC,143094.61,0.0,18900,7.56,0.199706
2025-02-06 00:00:00,002212.SZ,REBAL_SELL,143042.52,148216.0,600,7.63,0.2
2025-02-06 00:00:00,002394.SZ,REBAL_SELL,143042.52,151200.0,1000,7.99,0.2
2025-02-11 09:30:00,600173.SH,BUY_ALLOC,147140.22,0.0,31000,4.74,0.199728
2025-02-11 09:31:00,002067.SZ,BUY_ALLOC,147125.53,0.0,36100,4.07,0.19973
2025-02-11 09:31:00,002421.SZ,BUY_ALLOC,147183.04,0.0,39100,3.76,0.199773
2025-02-11 09:31:00,603322.SH,BUY_ALLOC,147950.33,0.0,3500,41.36,0.195687
2025-02-11 09:48:00,002313.SZ,BUY_ALLOC,148138.86,0.0,15100,9.81,0.199989
2025-02-11 00:00:00,600173.SH,REBAL_SELL,148637.44,149420.0,100,4.82,0.2
2025-02-11 00:00:00,002067.SZ,REBAL_SELL,148637.44,153425.0,1100,4.25,0.2
2025-02-11 00:00:00,002313.SZ,REBAL_SELL,148637.44,167157.0,1600,11.06,0.2
2025-02-12 09:30:00,000810.SZ,BUY_ALLOC,151875.47,0.0,1600,14.36,0.030256
2025-02-12 09:30:00,002387.SZ,BUY_ALLOC,151869.98,0.0,100,10.52,0.001385
2025-02-12 00:00:00,600173.SH,REBAL_SELL,151449.03,163770.0,2300,5.29,0.2
2025-02-12 00:00:00,002067.SZ,REBAL_BUY,151449.03,147700.0,800,4.22,0.2
2025-02-12 00:00:00,002421.SZ,REBAL_SELL,151449.03,157573.0,1500,4.03,0.2
2025-02-12 00:00:00,603322.SH,REBAL_BUY,151449.03,147210.0,100,42.1,0.2
2025-02-12 00:00:00,000810.SZ,REBAL_BUY,151449.03,23648.0,8600,14.79,0.2
2025-02-13 09:30:00,002596.SZ,BUY_ALLOC,159167.3,0.0,8900,3.48,0.038918
2025-02-13 00:00:00,002421.SZ,REBAL_BUY,158852.16,147768.0,2800,3.93,0.2
2025-02-13 00:00:00,002387.SZ,REBAL_BUY,158852.16,1115.0,14100,11.16,0.2
2025-02-13 00:00:00,002596.SZ,REBAL_BUY,158852.16,31328.0,36200,3.52,0.2
2025-02-14 09:30:00,600814.SH,BUY_ALLOC,157757.98,0.0,19500,8.06,0.199255
2025-02-14 09:31:00,000564.SZ,BUY_ALLOC,157703.26,0.0,900,3.12,0.003561
2025-02-14 00:00:00,002421.SZ,REBAL_SELL,156611.82,162408.0,1400,4.02,0.2
2025-02-14 00:00:00,603322.SH,REBAL_SELL,156611.82,161280.0,100,44.76,0.2
2025-02-14 00:00:00,002387.SZ,REBAL_SELL,156611.82,163300.0,500,11.49,0.2
2025-02-14 00:00:00,600814.SH,REBAL_SELL,156611.82,158535.0,200,8.12,0.2
2025-02-14 00:00:00,000564.SZ,REBAL_BUY,156611.82,2745.0,50400,3.05,0.2
2025-02-17 00:00:00,002421.SZ,REBAL_BUY,163633.99,157170.0,1600,4.03,0.2
2025-02-17 00:00:00,002387.SZ,REBAL_BUY,163633.99,153029.0,900,11.18,0.2
2025-02-17 00:00:00,000564.SZ,REBAL_BUY,163633.99,160569.0,900,3.13,0.2
2025-02-18 09:31:00,002811.SZ,BUY_ALLOC,164415.58,0.0,14000,11.67,0.19874
2025-02-18 13:48:00,600173.SH,BUY_ALLOC,164511.24,0.0,29900,5.5,0.199926
2025-02-18 00:00:00,002387.SZ,REBAL_SELL,161485.43,163520.0,100,11.19,0.2
2025-02-18 00:00:00,002811.SZ,REBAL_BUY,161485.43,157920.0,300,11.29,0.2
2025-02-19 09:30:00,002786.SZ,BUY_ALLOC,158028.63,0.0,15300,10.31,0.199639
2025-02-19 09:30:00,603629.SH,BUY_ALLOC,157982.25,0.0,5700,26.33,0.189997
2025-02-19 09:31:00,601010.SH,BUY_ALLOC,157933.04,0.0,200,3.07,0.000778
2025-02-19 00:00:00,002811.SZ,REBAL_SELL,158352.06,167024.0,700,11.67,0.2
2025-02-19 00:00:00,600173.SH,REBAL_SELL,158352.06,165048.0,1200,5.51,0.2
2025-02-19 00:00:00,002786.SZ,REBAL_SELL,158352.06,169218.0,900,11.05,0.2
2025-02-19 00:00:00,603629.SH,REBAL_SELL,158352.06,164844.0,200,28.89,0.2
2025-02-19 00:00:00,601010.SH,REBAL_BUY,158352.06,638.0,49400,3.19,0.2
2025-02-20 09:43:00,605378.SH,BUY_ALLOC,163534.5,0.0,1400,23.75,0.040664
2025-02-20 10:34:00,002520.SZ,BUY_ALLOC,163715.98,0.0,100,7.62,0.000931
2025-02-20 00:00:00,600173.SH,REBAL_BUY,163323.6,159859.0,600,5.58,0.2
2025-02-20 00:00:00,002786.SZ,REBAL_BUY,163323.6,157248.0,500,10.93,0.2
2025-02-20 00:00:00,603629.SH,REBAL_BUY,163323.6,156365.0,200,28.46,0.2
2025-02-20 00:00:00,601010.SH,REBAL_BUY,163323.6,155248.0,2500,3.13,0.2
2025-02-20 00:00:00,605378.SH,REBAL_BUY,163323.6,33488.0,5400,23.94,0.2
2025-02-21 00:00:00,600173.SH,REBAL_BUY,164369.67,163494.0,100,5.59,0.2
2025-02-21 00:00:00,601010.SH,REBAL_SELL,164369.67,179224.0,4300,3.44,0.2
2025-02-21 00:00:00,605378.SH,REBAL_SELL,164369.67,169388.0,200,24.89,0.2
2025-02-24 09:31:00,002102.SZ,BUY_ALLOC,167210.79,0.0,7000,3.09,0.025872
2025-02-24 00:00:00,600173.SH,REBAL_SELL,168837.59,180516.0,1900,6.13,0.2
2025-02-24 00:00:00,603629.SH,REBAL_BUY,168837.59,163647.0,100,28.74,0.2
2025-02-24 00:00:00,605378.SH,REBAL_BUY,168837.59,165660.0,100,25.13,0.2
2025-02-24 00:00:00,002102.SZ,REBAL_BUY,168837.59,21140.0,48900,3.02,0.2
2025-02-25 09:30:00,002117.SZ,BUY_ALLOC,168839.26,0.0,11700,14.39,0.199436
2025-02-25 09:30:00,002364.SZ,BUY_ALLOC,168799.03,0.0,900,17.65,0.018821
2025-02-25 09:30:00,002593.SZ,BUY_ALLOC,168793.84,0.0,200,5.83,0.001382
2025-02-25 00:00:00,603629.SH,REBAL_BUY,167850.45,153004.0,500,26.41,0.2
2025-02-25 00:00:00,002102.SZ,REBAL_SELL,167850.45,171613.0,1200,3.07,0.2
2025-02-25 00:00:00,002364.SZ,REBAL_BUY,167850.45,16371.0,8300,18.21,0.2
2025-02-25 00:00:00,002593.SZ,REBAL_BUY,167850.45,1168.0,28500,5.85,0.2
2025-02-26 00:00:00,002102.SZ,REBAL_SELL,167674.39,170117.0,700,3.11,0.2
2025-02-26 00:00:00,002117.SZ,REBAL_SELL,167674.39,170469.0,100,14.56,0.2
2025-02-26 00:00:00,002593.SZ,REBAL_SELL,167674.39,172487.0,800,6.0,0.2
2025-02-27 11:19:00,600810.SH,BUY_ALLOC,169504.59,0.0,20800,8.14,0.199773
2025-02-27 13:05:00,000581.SZ,BUY_ALLOC,170486.06,0.0,8000,21.16,0.198585
2025-02-27 00:00:00,002102.SZ,REBAL_BUY,168439.83,167940.0,100,3.11,0.2
2025-02-27 00:00:00,600810.SH,REBAL_SELL,168439.83,169936.0,100,8.16,0.2
2025-02-27 00:00:00,000581.SZ,REBAL_SELL,168439.83,171440.0,100,21.41,0.2
2025-02-28 09:30:00,001223.SZ,BUY_ALLOC,167730.23,0.0,2900,56.26,0.194543
2025-02-28 10:18:00,000566.SZ,BUY_ALLOC,167679.11,0.0,31800,5.26,0.19951
2025-02-28 00:00:00,000581.SZ,REBAL_SELL,168361.99,170719.0,100,21.59,0.2
2025-03-03 00:00:00,002102.SZ,REBAL_SELL,162156.93,169874.0,2400,3.14,0.2
2025-03-04 09:30:00,000932.SZ,BUY_ALLOC,162273.73,0.0,32600,4.97,0.19969
2025-03-04 09:31:00,002140.SZ,BUY_ALLOC,162257.53,0.0,16000,10.13,0.199781
2025-03-04 09:31:00,600470.SH,BUY_ALLOC,162785.32,0.0,27500,5.91,0.19968
2025-03-04 09:31:00,600581.SH,BUY_ALLOC,163044.07,0.0,46300,3.52,0.199916
2025-03-04 00:00:00,000932.SZ,REBAL_BUY,163175.35,162022.0,200,4.97,0.2
2025-03-04 00:00:00,002140.SZ,REBAL_SELL,163175.35,165760.0,200,10.35,0.2
2025-03-04 00:00:00,600470.SH,REBAL_SELL,163175.35,167475.0,700,6.08,0.2
2025-03-04 00:00:00,600581.SH,REBAL_SELL,163175.35,167143.0,1000,3.61,0.2
2025-03-05 09:30:00,600281.SH,BUY_ALLOC,163921.95,0.0,44400,3.69,0.199895
2025-03-05 09:30:00,603196.SH,BUY_ALLOC,163905.56,0.0,300,15.72,0.005755
2025-03-05 00:00:00,000932.SZ,REBAL_SELL,162708.48,165312.0,500,5.03,0.2
2025-03-05 00:00:00,002140.SZ,REBAL_BUY,162708.48,161002.0,100,10.2,0.2
2025-03-05 00:00:00,600581.SH,REBAL_BUY,162708.48,161721.0,200,3.57,0.2
2025-03-05 00:00:00,600281.SH,REBAL_SELL,162708.48,168720.0,1500,3.8,0.2
2025-03-05 00:00:00,603196.SH,REBAL_BUY,162708.48,4641.0,10200,15.49,0.2
2025-03-06 00:00:00,603196.SH,REBAL_SELL,161802.97,167895.0,300,15.97,0.2
2025-03-07 09:58:00,002261.SZ,BUY_ALLOC,162822.77,0.0,4200,37.97,0.195887
2025-03-07 14:26:00,600363.SH,BUY_ALLOC,163756.02,0.0,2900,55.43,0.196325
2025-03-07 00:00:00,000932.SZ,REBAL_SELL,164099.54,169575.0,1000,5.24,0.2
2025-03-07 00:00:00,603196.SH,REBAL_BUY,164099.54,161160.0,100,15.82,0.2
2025-03-07 00:00:00,002261.SZ,REBAL_BUY,164099.54,152628.0,300,36.38,0.2
2025-03-10 09:30:00,002134.SZ,BUY_ALLOC,161563.05,0.0,6900,23.37,0.199616
2025-03-10 00:00:00,000932.SZ,REBAL_BUY,160370.04,159630.0,100,5.11,0.2
2025-03-10 00:00:00,603196.SH,REBAL_SELL,160370.04,166345.0,300,16.13,0.2
2025-03-10 00:00:00,002134.SZ,REBAL_BUY,160370.04,156630.0,100,22.72,0.2
2025-03-11 09:30:00,603809.SH,BUY_ALLOC,158718.64,0.0,8600,18.02,0.195279
2025-03-11 00:00:00,000932.SZ,REBAL_SELL,158610.91,164850.0,1100,5.24,0.2
2025-03-11 00:00:00,600363.SH,REBAL_SELL,158610.91,165010.0,100,56.84,0.2
2025-03-11 00:00:00,603809.SH,REBAL_SELL,158610.91,163400.0,200,18.98,0.2
2025-03-12 09:30:00,603507.SH,BUY_ALLOC,161920.31,0.0,5800,27.76,0.198873
2025-03-12 09:32:00,600133.SH,BUY_ALLOC,161869.41,0.0,1100,10.64,0.014461
2025-03-12 14:52:00,002042.SZ,BUY_ALLOC,161877.04,0.0,100,6.8,0.00084
2025-03-12 00:00:00,603196.SH,REBAL_SELL,161137.45,163300.0,100,16.31,0.2
2025-03-12 00:00:00,603809.SH,REBAL_BUY,161137.45,156156.0,200,18.61,0.2
2025-03-12 00:00:00,603507.SH,REBAL_BUY,161137.45,157296.0,100,27.15,0.2
2025-03-13 09:30:00,600361.SH,BUY_ALLOC,161180.05,0.0,33500,4.45,0.184979
2025-03-13 00:00:00,603809.SH,REBAL_BUY,157608.14,145770.0,600,16.97,0.2
2025-03-13 00:00:00,600361.SH,REBAL_BUY,157608.14,151420.0,1300,4.52,0.2
2025-03-14 09:31:00,000503.SZ,BUY_ALLOC,155795.12,0.0,12500,12.39,0.198819
2025-03-14 09:31:00,002992.SZ,BUY_ALLOC,156079.63,0.0,2100,74.24,0.199775
2025-03-14 09:33:00,002927.SZ,BUY_ALLOC,156534.44,0.0,9800,15.54,0.19458
2025-03-14 00:00:00,000503.SZ,REBAL_SELL,158122.24,162625.0,300,13.0,0.2
2025-03-14 00:00:00,002927.SZ,REBAL_BUY,158122.24,151998.0,300,15.53,0.2
2025-03-17 09:31:00,000014.SZ,BUY_ALLOC,158683.44,0.0,13800,11.49,0.199847
2025-03-17 00:00:00,000503.SZ,REBAL_BUY,159053.98,153964.0,400,12.63,0.2
2025-03-17 00:00:00,002992.SZ,REBAL_SELL,159053.98,167013.0,100,79.45,0.2
2025-03-17 00:00:00,000014.SZ,REBAL_BUY,159053.98,155940.0,200,11.31,0.2
2025-03-18 00:00:00,002927.SZ,REBAL_SELL,160909.05,175942.0,800,17.4,0.2
2025-03-19 10:39:00,002042.SZ,BUY_ALLOC,165162.05,0.0,23100,7.13,0.199444
2025-03-19 00:00:00,002927.SZ,REBAL_SELL,166217.47,178188.0,600,19.14,0.2
2025-03-19 00:00:00,002042.SZ,REBAL_BUY,166217.47,164472.0,200,7.13,0.2
2025-03-20 09:30:00,002719.SZ,BUY_ALLOC,167248.72,0.0,19400,8.58,0.199047
2025-03-20 09:30:00,601336.SH,BUY_ALLOC,167193.28,0.0,3000,54.34,0.195008
2025-03-20 09:30:00,605337.SH,BUY_ALLOC,167146.97,0.0,400,12.52,0.005992
2025-03-20 00:00:00,002042.SZ,REBAL_SELL,162549.56,165896.0,400,7.11,0.2
2025-03-20 00:00:00,601336.SH,REBAL_BUY,162549.56,154710.0,100,51.62,0.2
2025-03-20 00:00:00,605337.SH,REBAL_BUY,162549.56,5016.0,12500,12.55,0.2
2025-03-21 09:30:00,000062.SZ,BUY_ALLOC,158784.27,0.0,6300,24.24,0.192352
2025-03-21 00:00:00,002042.SZ,REBAL_BUY,157606.33,149537.0,1200,6.54,0.2
2025-03-21 00:00:00,605337.SH,REBAL_SELL,157606.33,161121.0,200,12.48,0.2
2025-03-21 00:00:00,000062.SZ,REBAL_BUY,157606.33,145278.0,500,23.08,0.2
2025-03-24 09:30:00,603266.SH,BUY_ALLOC,154677.17,0.0,8500,18.03,0.198161
2025-03-24 09:34:00,601218.SH,BUY_ALLOC,154627.85,0.0,41100,3.52,0.187123
2025-03-24 00:00:00,603266.SH,REBAL_BUY,154437.67,148240.0,300,17.46,0.2
2025-03-24 00:00:00,601218.SH,REBAL_BUY,154437.67,144672.0,2700,3.52,0.2
2025-03-25 09:30:00,601226.SH,BUY_ALLOC,152738.27,0.0,20100,7.58,0.199502
2025-03-25 00:00:00,601218.SH,REBAL_SELL,152069.33,154614.0,700,3.53,0.2
2025-03-26 09:31:00,000558.SZ,BUY_ALLOC,151136.33,0.0,41000,3.68,0.199661
2025-03-26 09:31:00,002391.SZ,BUY_ALLOC,151203.24,0.0,27000,5.59,0.199639
2025-03-26 00:00:00,000558.SZ,REBAL_SELL,151518.99,158670.0,1800,3.87,0.2
2025-03-26 00:00:00,002391.SZ,REBAL_BUY,151518.99,149310.0,300,5.54,0.2
2025-03-27 09:34:00,002255.SZ,BUY_ALLOC,152403.59,0.0,19500,7.78,0.19909
2025-03-27 09:44:00,603015.SH,BUY_ALLOC,152934.42,0.0,11200,13.6,0.199196
2025-03-27 14:42:00,603169.SH,BUY_ALLOC,153927.19,0.0,23800,6.46,0.199767
2025-03-27 00:00:00,000558.SZ,REBAL_BUY,153582.02,146608.0,1800,3.74,0.2
2025-03-27 00:00:00,002255.SZ,REBAL_SELL,153582.02,158925.0,600,8.14,0.2
2025-03-27 00:00:00,603015.SH,REBAL_BUY,153582.02,151760.0,100,13.56,0.2
2025-03-28 09:31:00,600156.SH,BUY_ALLOC,149818.02,0.0,25300,5.78,0.195216
2025-03-28 00:00:00,002255.SZ,REBAL_BUY,148804.8,141561.0,900,7.5,0.2
2025-03-28 00:00:00,603015.SH,REBAL_SELL,148804.8,161703.0,900,14.3,0.2
2025-03-28 00:00:00,603169.SH,REBAL_SELL,148804.8,160174.0,1600,6.72,0.2
2025-03-31 09:31:00,603938.SH,BUY_ALLOC,150036.43,0.0,11600,12.92,0.199781
2025-03-31 09:38:00,002755.SZ,BUY_ALLOC,150299.85,0.0,700,18.09,0.01685
2025-03-31 00:00:00,603169.SH,REBAL_SELL,148746.51,164280.0,2000,7.39,0.2
2025-03-31 00:00:00,002755.SZ,REBAL_BUY,148746.51,12656.0,7500,18.1,0.2
2025-04-01 09:30:00,600128.SH,BUY_ALLOC,153310.25,0.0,14200,10.76,0.199324
2025-04-01 09:30:00,605255.SH,BUY_ALLOC,153266.57,0.0,800,16.27,0.016985
2025-04-01 00:00:00,603169.SH,REBAL_SELL,158842.51,164428.0,600,8.13,0.2
2025-04-01 00:00:00,603938.SH,REBAL_SELL,158842.51,164256.0,300,14.15,0.2
2025-04-01 00:00:00,600128.SH,REBAL_BUY,158842.51,154212.0,400,10.87,0.2
2025-04-01 00:00:00,605255.SH,REBAL_BUY,158842.51,13616.0,8500,17.04,0.2
2025-04-02 09:31:00,000601.SZ,BUY_ALLOC,165647.83,0.0,30100,5.5,0.199882
2025-04-02 09:31:00,000715.SZ,BUY_ALLOC,166413.87,0.0,2000,6.88,0.016537
2025-04-02 00:00:00,605255.SH,REBAL_BUY,166447.61,156333.0,600,16.83,0.2
2025-04-02 00:00:00,000601.SZ,REBAL_SELL,166447.61,178493.0,2000,5.92,0.2
2025-04-02 00:00:00,000715.SZ,REBAL_BUY,166447.61,14040.0,21700,7.03,0.2
2025-04-03 09:30:00,603192.SH,BUY_ALLOC,166989.76,0.0,9300,17.85,0.198821
2025-04-03 11:17:00,600506.SH,BUY_ALLOC,166935.96,0.0,8000,20.65,0.19792
2025-04-03 00:00:00,000601.SZ,REBAL_BUY,168136.01,167476.0,100,5.97,0.2
2025-04-03 00:00:00,000715.SZ,REBAL_SELL,168136.01,171588.0,400,7.23,0.2
2025-04-03 00:00:00,603192.SH,REBAL_SELL,168136.01,174933.0,300,18.79,0.2
2025-04-07 09:30:00,000559.SZ,BUY_ALLOC,160727.01,0.0,22400,7.16,0.199573
2025-04-07 09:30:00,002201.SZ,BUY_ALLOC,160666.17,0.0,4200,5.67,0.029644
2025-04-07 00:00:00,000559.SZ,REBAL_BUY,162704.43,155680.0,1000,6.96,0.2
2025-04-07 00:00:00,002201.SZ,REBAL_BUY,162704.43,24780.0,23300,5.91,0.2
2025-04-08 00:00:00,002201.SZ,REBAL_SELL,158702.81,175175.0,2500,6.36,0.2
2025-04-09 00:00:00,002201.SZ,REBAL_BUY,159931.22,153500.0,1000,6.15,0.2
2025-04-10 09:30:00,000061.SZ,BUY_ALLOC,159660.22,0.0,22800,6.99,0.199639
2025-04-10 09:30:00,000716.SZ,BUY_ALLOC,159598.69,0.0,25300,6.29,0.199421
2025-04-10 09:30:00,002734.SZ,BUY_ALLOC,159532.17,0.0,14400,11.06,0.199664
2025-04-10 09:30:00,002819.SZ,BUY_ALLOC,159487.45,0.0,6200,25.49,0.198182
2025-04-10 09:30:00,600032.SH,BUY_ALLOC,159434.44,0.0,500,8.31,0.005212
2025-04-10 00:00:00,002201.SZ,REBAL_SELL,159432.44,163800.0,600,6.29,0.2
2025-04-10 00:00:00,000061.SZ,REBAL_SELL,159432.44,164616.0,700,7.21,0.2
2025-04-10 00:00:00,000716.SZ,REBAL_SELL,159432.44,173052.0,1900,6.83,0.2
2025-04-10 00:00:00,002734.SZ,REBAL_SELL,159432.44,171792.0,1000,11.92,0.2
2025-04-10 00:00:00,002819.SZ,REBAL_SELL,159432.44,162812.0,100,26.23,0.2
2025-04-11 09:43:00,002828.SZ,BUY_ALLOC,165237.15,0.0,4600,8.02,0.044653
2025-04-11 00:00:00,002201.SZ,REBAL_BUY,164255.46,163322.0,100,6.44,0.2
2025-04-11 00:00:00,000716.SZ,REBAL_BUY,164255.46,156312.0,1100,6.69,0.2
2025-04-11 00:00:00,002734.SZ,REBAL_BUY,164255.46,153296.0,900,11.45,0.2
2025-04-11 00:00:00,002819.SZ,REBAL_BUY,164255.46,159027.0,200,26.1,0.2
2025-04-11 00:00:00,002828.SZ,REBAL_BUY,164255.46,37260.0,15600,8.11,0.2
2025-04-14 00:00:00,000716.SZ,REBAL_BUY,167315.71,166110.0,100,6.79,0.2
2025-04-14 00:00:00,002734.SZ,REBAL_BUY,167315.71,166023.0,100,11.62,0.2
2025-04-14 00:00:00,002828.SZ,REBAL_BUY,167315.71,165640.0,200,8.21,0.2
2025-04-15 09:30:00,000519.SZ,BUY_ALLOC,167858.71,0.0,9500,17.62,0.199442
2025-04-15 09:30:00,600343.SH,BUY_ALLOC,167803.97,0.0,600,11.32,0.008095
2025-04-15 09:31:00,002696.SZ,BUY_ALLOC,167801.77,0.0,100,5.51,0.000657
2025-04-15 00:00:00,002734.SZ,REBAL_SELL,167218.9,174240.0,500,12.09,0.2
2025-04-15 00:00:00,000519.SZ,REBAL_BUY,167218.9,161310.0,300,17.0,0.2
2025-04-15 00:00:00,600343.SH,REBAL_BUY,167218.9,6876.0,13900,11.47,0.2
2025-04-16 00:00:00,000716.SZ,REBAL_SELL,164494.36,176136.0,1600,7.15,0.2
2025-04-16 00:00:00,002696.SZ,REBAL_BUY,164494.36,546.0,30000,5.47,0.2
2025-04-17 09:30:00,603078.SH,BUY_ALLOC,164513.4,0.0,8900,18.47,0.199841
2025-04-17 00:00:00,000716.SZ,REBAL_SELL,164035.72,169280.0,700,7.35,0.2
2025-04-17 00:00:00,603078.SH,REBAL_SELL,164035.72,173194.0,400,19.44,0.2
2025-04-18 09:30:00,603967.SH,BUY_ALLOC,166391.92,0.0,12700,13.06,0.199363
2025-04-18 09:34:00,600300.SH,BUY_ALLOC,166349.93,0.0,40600,4.09,0.199644
2025-04-18 00:00:00,603967.SH,REBAL_BUY,164948.98,157734.0,500,12.43,0.2
2025-04-18 00:00:00,600300.SH,REBAL_BUY,164948.98,162806.0,500,4.01,0.2
2025-04-21 09:31:00,002584.SZ,BUY_ALLOC,161830.38,0.0,18200,8.88,0.199735
2025-04-21 09:31:00,600939.SH,BUY_ALLOC,162469.42,0.0,59700,2.72,0.199895
2025-04-21 00:00:00,603967.SH,REBAL_SELL,162930.78,168960.0,400,12.79,0.2
2025-04-21 00:00:00,600300.SH,REBAL_SELL,162930.78,181251.0,4100,4.41,0.2
2025-04-21 00:00:00,002584.SZ,REBAL_SELL,162930.78,168350.0,500,9.24,0.2
2025-04-21 00:00:00,600939.SH,REBAL_SELL,162930.78,163578.0,200,2.74,0.2
2025-04-22 09:49:00,002278.SZ,BUY_ALLOC,167494.98,0.0,22300,7.51,0.199974
2025-04-22 00:00:00,603967.SH,REBAL_SELL,167568.72,172800.0,300,13.49,0.2
2025-04-22 00:00:00,002584.SZ,REBAL_SELL,167568.72,180186.0,1200,10.17,0.2
2025-04-22 00:00:00,600939.SH,REBAL_SELL,167568.72,179095.0,3800,3.01,0.2
2025-04-22 00:00:00,002278.SZ,REBAL_BUY,167568.72,164797.0,300,7.4,0.2
2025-04-23 09:30:00,001337.SZ,BUY_ALLOC,174583.55,0.0,6600,26.23,0.198321
2025-04-23 09:30:00,603938.SH,BUY_ALLOC,174526.64,0.0,2000,14.24,0.032637
2025-04-23 00:00:00,002278.SZ,REBAL_SELL,170608.75,183738.0,1600,8.12,0.2
2025-04-23 00:00:00,603938.SH,REBAL_BUY,170608.75,28560.0,9900,14.29,0.2
2025-04-24 09:30:00,000628.SZ,BUY_ALLOC,173990.31,0.0,3700,46.73,0.198748
2025-04-24 09:30:00,600119.SH,BUY_ALLOC,173936.02,0.0,22500,7.73,0.199987
2025-04-24 09:34:00,600787.SH,BUY_ALLOC,173873.62,0.0,1000,6.55,0.007534
2025-04-24 00:00:00,600119.SH,REBAL_SELL,169818.44,171675.0,200,7.62,0.2
2025-04-24 00:00:00,600787.SH,REBAL_BUY,169818.44,6400.0,25500,6.41,0.2
2025-04-25 09:30:00,603918.SH,BUY_ALLOC,168441.7,0.0,10000,16.72,0.198526
2025-04-25 09:31:00,002795.SZ,BUY_ALLOC,168384.98,0.0,31500,5.28,0.197547
2025-04-25 00:00:00,600119.SH,REBAL_SELL,168955.83,176616.0,900,7.91,0.2
2025-04-25 00:00:00,603918.SH,REBAL_SELL,168955.83,178000.0,500,17.78,0.2
2025-04-25 00:00:00,002795.SZ,REBAL_BUY,168955.83,162225.0,1300,5.16,0.2
2025-04-28 09:31:00,600668.SH,BUY_ALLOC,171086.03,0.0,14000,12.15,0.198847
2025-04-28 09:31:00,600800.SH,BUY_ALLOC,171265.02,0.0,53000,3.23,0.199912
2025-04-28 09:33:00,600969.SH,BUY_ALLOC,171353.9,0.0,1100,8.08,0.010374
2025-04-28 00:00:00,603918.SH,REBAL_BUY,168883.88,166345.0,100,17.53,0.2
2025-04-28 00:00:00,600800.SH,REBAL_BUY,168883.88,167480.0,400,3.16,0.2
2025-04-28 00:00:00,600969.SH,REBAL_BUY,168883.88,8789.0,20000,8.0,0.2
2025-04-29 09:30:00,600592.SH,BUY_ALLOC,167851.68,0.0,8200,19.39,0.189451
2025-04-29 00:00:00,603918.SH,REBAL_SELL,165590.36,174624.0,400,18.17,0.2
2025-04-29 00:00:00,600668.SH,REBAL_SELL,165590.36,169260.0,300,12.08,0.2
2025-04-30 09:32:00,600589.SH,BUY_ALLOC,168496.96,0.0,24100,6.98,0.199669
2025-04-30 11:04:00,002376.SZ,BUY_ALLOC,168576.54,0.0,25200,6.67,0.199416
2025-04-30 00:00:00,600592.SH,REBAL_SELL,169718.93,184008.0,600,22.42,0.2
2025-04-30 00:00:00,600589.SH,REBAL_SELL,169718.93,171833.0,200,7.12,0.2
2025-04-30 00:00:00,002376.SZ,REBAL_BUY,169718.93,166824.0,400,6.63,0.2
2025-05-06 00:00:00,600668.SH,REBAL_BUY,175837.99,170976.0,300,12.49,0.2
2025-05-06 00:00:00,600592.SH,REBAL_SELL,175837.99,187568.0,400,24.66,0.2
2025-05-06 00:00:00,600589.SH,REBAL_SELL,175837.99,187376.0,1400,7.83,0.2
2025-05-07 09:55:00,601595.SH,BUY_ALLOC,185213.29,0.0,900,32.18,0.031274
2025-05-07 00:00:00,600668.SH,REBAL_BUY,184525.96,176820.0,600,12.64,0.2
2025-05-07 00:00:00,600592.SH,REBAL_SELL,184525.96,195480.0,400,27.12,0.2
2025-05-07 00:00:00,002376.SZ,REBAL_BUY,184525.96,176640.0,1100,6.91,0.2
2025-05-07 00:00:00,601595.SH,REBAL_BUY,184525.96,29250.0,4700,32.53,0.2
2025-05-08 09:30:00,002382.SZ,BUY_ALLOC,184970.59,0.0,36100,5.11,0.19946
2025-05-08 09:30:00,603255.SH,BUY_ALLOC,184879.94,0.0,300,24.67,0.008006
2025-05-08 09:31:00,002852.SZ,BUY_ALLOC,184877.74,0.0,100,9.87,0.001068
2025-05-08 09:59:00,600503.SH,BUY_ALLOC,184876.74,0.0,200,2.72,0.000589
2025-05-08 00:00:00,600668.SH,REBAL_SELL,187295.64,202794.0,1100,13.88,0.2
2025-05-08 00:00:00,002376.SZ,REBAL_BUY,187295.64,183963.0,400,6.9,0.2
2025-05-08 00:00:00,601595.SH,REBAL_BUY,187295.64,183344.0,100,32.77,0.2
2025-05-08 00:00:00,002382.SZ,REBAL_BUY,187295.64,184110.0,600,5.11,0.2
2025-05-08 00:00:00,603255.SH,REBAL_BUY,187295.64,7431.0,7200,24.79,0.2
2025-05-09 09:30:00,002436.SZ,BUY_ALLOC,191713.47,0.0,1900,12.84,0.02545
2025-05-09 09:30:00,600743.SH,BUY_ALLOC,191707.23,0.0,100,1.89,0.000197
2025-05-09 00:00:00,603255.SH,REBAL_BUY,189245.69,184875.0,100,24.67,0.2
2025-05-09 00:00:00,002436.SZ,REBAL_BUY,189245.69,24111.0,13000,12.7,0.2
2025-05-09 00:00:00,600743.SH,REBAL_BUY,189245.69,184.0,102700,1.84,0.2
2025-05-12 09:30:00,002255.SZ,BUY_ALLOC,190408.48,0.0,20300,9.35,0.199366
2025-05-12 09:30:00,603169.SH,BUY_ALLOC,190348.9,0.0,200,7.26,0.001526
2025-05-12 09:32:00,600800.SH,BUY_ALLOC,190347.5,0.0,100,3.61,0.000379
2025-05-12 00:00:00,002382.SZ,REBAL_SELL,190336.9,193042.0,500,5.25,0.2
2025-05-12 00:00:00,603169.SH,REBAL_BUY,190336.9,1470.0,25600,7.36,0.2
2025-05-12 00:00:00,600800.SH,REBAL_BUY,190336.9,360.0,52700,3.6,0.2
2025-05-13 00:00:00,002382.SZ,REBAL_BUY,191876.29,190050.0,300,5.26,0.2
2025-05-13 00:00:00,002255.SZ,REBAL_BUY,191876.29,190211.0,100,9.38,0.2
2025-05-14 00:00:00,603255.SH,REBAL_SELL,192002.49,195396.0,100,25.68,0.2
2025-05-14 00:00:00,600800.SH,REBAL_SELL,192002.49,211200.0,4700,4.0,0.2
2025-05-15 10:23:00,002549.SZ,BUY_ALLOC,195596.61,0.0,2400,9.6,0.023559
2025-05-15 00:00:00,002382.SZ,REBAL_BUY,194813.8,191260.0,600,5.25,0.2
2025-05-15 00:00:00,603255.SH,REBAL_BUY,194813.8,191850.0,100,25.61,0.2
2025-05-15 00:00:00,002255.SZ,REBAL_BUY,194813.8,191148.0,300,9.38,0.2
2025-05-15 00:00:00,002549.SZ,REBAL_BUY,194813.8,22752.0,18100,9.49,0.2
2025-05-16 09:31:00,600644.SH,BUY_ALLOC,194502.03,0.0,15700,12.38,0.19986
2025-05-16 09:31:00,603569.SH,BUY_ALLOC,194827.99,0.0,200,8.31,0.001706
2025-05-16 09:32:00,600370.SH,BUY_ALLOC,194836.59,0.0,100,2.07,0.000212
2025-05-16 00:00:00,002255.SZ,REBAL_SELL,194908.18,201618.0,600,9.73,0.2
2025-05-16 00:00:00,002549.SZ,REBAL_SELL,194908.18,202130.0,700,9.85,0.2
2025-05-16 00:00:00,600644.SH,REBAL_SELL,194908.18,197977.0,200,12.6,0.2
2025-05-16 00:00:00,603569.SH,REBAL_BUY,194908.18,1646.0,23400,8.24,0.2
2025-05-19 00:00:00,002549.SZ,REBAL_BUY,196618.32,194634.0,200,9.84,0.2
2025-05-19 00:00:00,600370.SH,REBAL_BUY,196618.32,208.0,94400,2.08,0.2
2025-05-20 00:00:00,002382.SZ,REBAL_SELL,195592.44,199598.0,700,5.37,0.2
2025-05-20 00:00:00,002255.SZ,REBAL_BUY,195592.44,193563.0,200,9.64,0.2
2025-05-20 00:00:00,600644.SH,REBAL_SELL,195592.44,215915.0,1400,13.92,0.2
2025-05-21 09:31:00,002990.SZ,BUY_ALLOC,201827.09,0.0,7200,27.98,0.199632
2025-05-21 09:31:00,600343.SH,BUY_ALLOC,202325.35,0.0,15600,12.95,0.199698
2025-05-21 09:36:00,603378.SH,BUY_ALLOC,202960.35,0.0,1700,6.69,0.011207
2025-05-21 00:00:00,002382.SZ,REBAL_BUY,201485.59,199108.0,400,5.48,0.2
2025-05-21 00:00:00,600644.SH,REBAL_SELL,201485.59,216012.0,900,15.3,0.2
2025-05-21 00:00:00,600343.SH,REBAL_BUY,201485.59,193752.0,600,12.43,0.2
2025-05-21 00:00:00,603378.SH,REBAL_BUY,201485.59,11458.0,28100,6.75,0.2
2025-05-22 00:00:00,002382.SZ,REBAL_BUY,200377.91,196512.0,700,5.35,0.2
2025-05-22 00:00:00,002990.SZ,REBAL_SELL,200377.91,220608.0,600,30.61,0.2
2025-05-23 09:31:00,002580.SZ,BUY_ALLOC,204296.88,0.0,15400,13.23,0.199457
2025-05-23 00:00:00,002382.SZ,REBAL_BUY,204287.44,203250.0,100,5.43,0.2
2025-05-23 00:00:00,002580.SZ,REBAL_SELL,204287.44,220220.0,1100,14.29,0.2
2025-05-26 09:30:00,605033.SH,BUY_ALLOC,205383.26,0.0,11000,18.62,0.199451
2025-05-26 09:33:00,600990.SH,BUY_ALLOC,205318.78,0.0,9100,22.55,0.199889
2025-05-26 00:00:00,002580.SZ,REBAL_BUY,205370.58,199628.0,400,13.97,0.2
2025-05-26 00:00:00,605033.SH,REBAL_SELL,205370.58,213070.0,300,19.35,0.2
2025-05-26 00:00:00,600990.SH,REBAL_SELL,205370.58,212030.0,200,23.28,0.2
2025-05-27 09:36:00,002886.SZ,BUY_ALLOC,206382.58,0.0,10300,19.96,0.19923
2025-05-27 00:00:00,002580.SZ,REBAL_SELL,207083.03,211974.0,300,14.41,0.2
2025-05-27 00:00:00,605033.SH,REBAL_SELL,207083.03,228017.0,900,21.29,0.2
2025-05-27 00:00:00,600990.SH,REBAL_SELL,207083.03,228107.0,800,25.6,0.2
2025-05-27 00:00:00,002886.SZ,REBAL_SELL,207083.03,211974.0,200,20.56,0.2
2025-05-28 11:06:00,000838.SZ,BUY_ALLOC,221425.86,0.0,87500,2.53,0.199954
2025-05-28 00:00:00,002580.SZ,REBAL_BUY,223776.92,203904.0,1400,14.17,0.2
2025-05-28 00:00:00,605033.SH,REBAL_SELL,223776.92,229712.0,200,23.42,0.2
2025-05-28 00:00:00,002886.SZ,REBAL_BUY,223776.92,209070.0,700,20.72,0.2
2025-05-28 00:00:00,000838.SZ,REBAL_BUY,223776.92,223125.0,200,2.55,0.2
2025-05-29 09:30:00,002556.SZ,BUY_ALLOC,220153.89,0.0,39400,5.58,0.199726
2025-05-29 09:30:00,003042.SZ,BUY_ALLOC,220053.1,0.0,300,17.02,0.004641
2025-05-29 09:31:00,600172.SH,BUY_ALLOC,220050.9,0.0,200,4.25,0.000773
2025-05-29 00:00:00,002580.SZ,REBAL_SELL,218145.12,228310.0,700,14.44,0.2
2025-05-29 00:00:00,000838.SZ,REBAL_SELL,218145.12,228897.0,4100,2.61,0.2
2025-05-29 00:00:00,002556.SZ,REBAL_SELL,218145.12,224186.0,1000,5.68,0.2
2025-05-29 00:00:00,003042.SZ,REBAL_BUY,218145.12,5103.0,12500,17.03,0.2
2025-05-29 00:00:00,600172.SH,REBAL_BUY,218145.12,866.0,50100,4.33,0.2
2025-05-30 09:30:00,002194.SZ,BUY_ALLOC,220832.86,0.0,1300,15.25,0.017955
2025-05-30 00:00:00,002580.SZ,REBAL_SELL,217930.2,221819.0,200,14.68,0.2
2025-05-30 00:00:00,003042.SZ,REBAL_SELL,217930.2,224000.0,300,17.48,0.2
2025-05-30 00:00:00,002194.SZ,REBAL_BUY,217930.2,19968.0,12800,15.38,0.2
2025-06-03 09:30:00,603767.SH,BUY_ALLOC,218063.72,0.0,13100,16.53,0.198605
2025-06-03 00:00:00,002580.SZ,REBAL_SELL,221796.64,224990.0,200,15.08,0.2
2025-06-04 09:30:00,002278.SZ,BUY_ALLOC,224298.84,0.0,24400,9.19,0.199944
2025-06-04 09:30:00,600543.SH,BUY_ALLOC,224227.62,0.0,39000,5.74,0.199672
2025-06-04 00:00:00,002278.SZ,REBAL_SELL,226048.73,235704.0,900,9.65,0.2
2025-06-04 00:00:00,600543.SH,REBAL_SELL,226048.73,229710.0,600,5.88,0.2
2025-06-05 09:31:00,603127.SH,BUY_ALLOC,227968.53,0.0,11800,19.21,0.198868
2025-06-05 09:34:00,001277.SZ,BUY_ALLOC,228394.26,0.0,5100,44.42,0.198378
2025-06-05 09:36:00,001268.SZ,BUY_ALLOC,229412.01,0.0,9700,23.44,0.198218
2025-06-05 00:00:00,603127.SH,REBAL_BUY,228861.92,225734.0,100,19.15,0.2
2025-06-05 00:00:00,001277.SZ,REBAL_BUY,228861.92,215730.0,300,42.34,0.2
2025-06-05 00:00:00,001268.SZ,REBAL_SELL,228861.92,231636.0,100,23.86,0.2
2025-06-06 09:32:00,603238.SH,BUY_ALLOC,224229.25,0.0,12700,17.52,0.198461
2025-06-06 00:00:00,001268.SZ,REBAL_SELL,226110.76,235392.0,300,24.5,0.2
2025-06-06 00:00:00,603238.SH,REBAL_BUY,226110.76,218059.0,400,17.19,0.2
2025-06-09 00:00:00,603238.SH,REBAL_SELL,225066.76,231739.0,300,17.67,0.2
2025-06-10 09:34:00,605033.SH,BUY_ALLOC,226945.36,0.0,10800,20.96,0.199491
2025-06-10 09:36:00,600322.SH,BUY_ALLOC,228024.33,0.0,86000,2.65,0.199891
2025-06-10 10:09:00,600844.SH,BUY_ALLOC,230409.54,0.0,67800,3.3,0.194211
2025-06-10 00:00:00,001268.SZ,REBAL_BUY,230458.84,227757.0,100,24.51,0.2
2025-06-10 00:00:00,605033.SH,REBAL_BUY,230458.84,226800.0,100,21.02,0.2
2025-06-10 00:00:00,600322.SH,REBAL_BUY,230458.84,228760.0,600,2.66,0.2
2025-06-10 00:00:00,600844.SH,REBAL_BUY,230458.84,225096.0,1600,3.32,0.2
2025-06-11 09:30:00,002335.SZ,BUY_ALLOC,225680.64,0.0,4900,42.84,0.186029
2025-06-11 09:30:00,002491.SZ,BUY_ALLOC,225620.45,0.0,200,5.86,0.001039
2025-06-11 00:00:00,001268.SZ,REBAL_SELL,224397.98,233026.0,300,24.77,0.2
2025-06-11 00:00:00,600322.SH,REBAL_SELL,224397.98,232088.0,2800,2.68,0.2
2025-06-11 00:00:00,600844.SH,REBAL_SELL,224397.98,230408.0,1800,3.32,0.2
2025-06-11 00:00:00,002335.SZ,REBAL_BUY,224397.98,209818.0,300,42.86,0.2
2025-06-11 00:00:00,002491.SZ,REBAL_BUY,224397.98,1166.0,38200,5.84,0.2
2025-06-12 00:00:00,600322.SH,REBAL_SELL,223027.08,227098.0,1500,2.71,0.2
2025-06-13 09:43:00,002923.SZ,BUY_ALLOC,224351.88,0.0,15800,14.17,0.199585
2025-06-13 09:55:00,603725.SH,BUY_ALLOC,225530.29,0.0,27600,8.17,0.199966
2025-06-13 00:00:00,600322.SH,REBAL_SELL,226225.34,237024.0,3700,2.88,0.2
2025-06-13 00:00:00,603725.SH,REBAL_SELL,226225.34,229080.0,300,8.29,0.2
2025-06-16 09:32:00,002366.SZ,BUY_ALLOC,224874.87,0.0,30500,7.36,0.199649
2025-06-16 14:00:00,003010.SZ,BUY_ALLOC,225950.42,0.0,3800,58.13,0.195524
2025-06-16 00:00:00,600322.SH,REBAL_BUY,227501.53,223224.0,1500,2.84,0.2
2025-06-16 00:00:00,603725.SH,REBAL_BUY,227501.53,223041.0,500,8.18,0.2
2025-06-16 00:00:00,002366.SZ,REBAL_SELL,227501.53,234545.0,900,7.68,0.2
2025-06-17 00:00:00,600322.SH,REBAL_SELL,225680.55,231489.0,2000,2.89,0.2
2025-06-17 00:00:00,002366.SZ,REBAL_SELL,225680.55,250416.0,2900,8.45,0.2
2025-06-17 00:00:00,003010.SZ,REBAL_SELL,225680.55,241414.0,200,63.47,0.2
2025-06-18 13:58:00,603086.SH,BUY_ALLOC,234452.63,0.0,23300,10.05,0.199755
2025-06-18 00:00:00,603086.SH,REBAL_SELL,230743.83,233466.0,200,10.01,0.2
2025-06-19 09:30:00,002190.SZ,BUY_ALLOC,228924.63,0.0,6100,37.44,0.199528
2025-06-19 09:32:00,002899.SZ,BUY_ALLOC,228852.99,0.0,10000,22.67,0.198118
2025-06-19 00:00:00,002190.SZ,REBAL_BUY,227620.07,220088.0,200,36.12,0.2
2025-06-19 00:00:00,002899.SZ,REBAL_BUY,227620.07,217800.0,400,21.8,0.2
2025-06-20 09:30:00,002537.SZ,BUY_ALLOC,222392.67,0.0,25100,8.86,0.199994
2025-06-20 09:30:00,605398.SH,BUY_ALLOC,222320.23,0.0,7200,30.61,0.198265
2025-06-20 09:31:00,603332.SH,BUY_ALLOC,222254.99,0.0,12100,18.16,0.197733
2025-06-20 00:00:00,002537.SZ,REBAL_BUY,221998.99,216111.0,600,8.62,0.2
2025-06-20 00:00:00,605398.SH,REBAL_BUY,221998.99,204408.0,600,28.42,0.2
2025-06-20 00:00:00,603332.SH,REBAL_BUY,221998.99,203159.0,1100,16.81,0.2
2025-06-23 09:30:00,002855.SZ,BUY_ALLOC,210187.24,0.0,11500,18.15,0.198609
2025-06-23 09:30:00,603685.SH,BUY_ALLOC,210120.36,0.0,14700,13.11,0.183435
2025-06-23 00:00:00,002537.SZ,REBAL_SELL,215009.4,243379.0,2900,9.46,0.2
2025-06-23 00:00:00,603685.SH,REBAL_BUY,215009.4,202272.0,900,13.77,0.2
2025-06-24 00:00:00,002537.SZ,REBAL_SELL,224735.92,237576.0,1200,10.41,0.2
2025-06-25 10:27:00,002657.SZ,BUY_ALLOC,226148.27,0.0,8600,26.24,0.199572
2025-06-25 00:00:00,002537.SZ,REBAL_SELL,227088.91,247536.0,1700,11.45,0.2
2025-06-25 00:00:00,002657.SZ,REBAL_SELL,227088.91,244756.0,600,28.43,0.2
2025-06-26 09:42:00,603226.SH,BUY_ALLOC,236072.85,0.0,19500,12.07,0.1994
2025-06-26 00:00:00,603226.SH,REBAL_SELL,231525.89,242385.0,800,12.42,0.2
2025-06-27 09:30:00,600604.SH,BUY_ALLOC,234678.69,0.0,45200,5.19,0.199923
2025-06-27 09:30:00,603716.SH,BUY_ALLOC,234564.83,0.0,17300,13.55,0.199872
2025-06-27 09:31:00,003026.SZ,BUY_ALLOC,234506.79,0.0,6600,35.22,0.198248
2025-06-27 09:31:00,600590.SH,BUY_ALLOC,234509.94,0.0,500,9.27,0.003953
2025-06-27 09:31:00,600800.SH,BUY_ALLOC,234528.94,0.0,100,4.16,0.000355
2025-06-27 00:00:00,603716.SH,REBAL_SELL,234528.54,240643.0,400,13.9,0.2
2025-06-27 00:00:00,003026.SZ,REBAL_SELL,234528.54,241560.0,100,36.56,0.2
2025-06-30 00:00:00,603226.SH,REBAL_SELL,237136.41,250019.0,900,13.36,0.2
2025-06-30 00:00:00,600604.SH,REBAL_BUY,237136.41,233232.0,700,5.17,0.2
2025-06-30 00:00:00,603716.SH,REBAL_SELL,237136.41,243360.0,400,14.39,0.2
2025-06-30 00:00:00,600590.SH,REBAL_BUY,237136.41,4885.0,23700,9.78,0.2
2025-07-01 00:00:00,603226.SH,REBAL_SELL,238382.41,240300.0,100,13.49,0.2
2025-07-01 00:00:00,603716.SH,REBAL_SELL,238382.41,261360.0,1400,15.82,0.2
2025-07-01 00:00:00,600800.SH,REBAL_BUY,238382.41,418.0,56900,4.18,0.2
2025-07-02 09:52:00,003031.SZ,BUY_ALLOC,244025.81,0.0,4600,52.55,0.198118
2025-07-02 00:00:00,603716.SH,REBAL_SELL,242886.3,263042.0,1100,17.4,0.2
2025-07-03 09:31:00,002165.SZ,BUY_ALLOC,246849.59,0.0,24400,10.09,0.19947
2025-07-03 00:00:00,603716.SH,REBAL_SELL,248679.37,268240.0,1000,19.14,0.2
2025-07-03 00:00:00,002165.SZ,REBAL_BUY,248679.37,246440.0,200,10.11,0.2
2025-07-04 09:30:00,603040.SH,BUY_ALLOC,254746.86,0.0,6100,41.55,0.198986
2025-07-04 09:30:00,603127.SH,BUY_ALLOC,254672.71,0.0,11600,21.83,0.198865
2025-07-04 00:00:00,603716.SH,REBAL_SELL,252974.96,274040.0,900,21.06,0.2
2025-07-04 00:00:00,603127.SH,REBAL_SELL,252974.96,259376.0,200,22.34,0.2
2025-07-07 09:30:00,000670.SZ,BUY_ALLOC,254846.46,0.0,32400,7.86,0.199857
2025-07-07 09:30:00,603823.SH,BUY_ALLOC,254756.19,0.0,17900,14.1,0.198142
2025-07-07 00:00:00,603127.SH,REBAL_SELL,255643.68,260604.0,200,22.84,0.2
2025-07-07 00:00:00,603823.SH,REBAL_BUY,255643.68,252390.0,200,14.11,0.2
2025-07-08 09:30:00,000530.SZ,BUY_ALLOC,258220.08,0.0,37200,6.94,0.19996
2025-07-08 00:00:00,000670.SZ,REBAL_BUY,262982.34,256284.0,800,7.92,0.2
2025-07-08 00:00:00,000530.SZ,REBAL_SELL,262982.34,269700.0,900,7.24,0.2
2025-07-09 09:30:00,002093.SZ,BUY_ALLOC,262853.14,0.0,19300,13.61,0.199863
2025-07-09 09:30:00,605028.SH,BUY_ALLOC,262788.27,0.0,12900,20.29,0.199203
2025-07-09 00:00:00,002093.SZ,REBAL_BUY,260527.12,256497.0,300,13.3,0.2
2025-07-09 00:00:00,605028.SH,REBAL_SELL,260527.12,279930.0,800,21.68,0.2
2025-07-11 09:30:00,603086.SH,BUY_ALLOC,258499.51,0.0,23900,10.78,0.199337
2025-07-11 09:36:00,603081.SH,BUY_ALLOC,258425.94,0.0,21900,11.79,0.199826
2025-07-11 00:00:00,603086.SH,REBAL_BUY,259013.32,251428.0,700,10.53,0.2
2025-07-11 00:00:00,603081.SH,REBAL_SELL,259013.32,263676.0,300,12.03,0.2
2025-07-14 00:00:00,603081.SH,REBAL_SELL,259226.62,285984.0,2000,13.23,0.2
2025-07-15 09:30:00,000819.SZ,BUY_ALLOC,264241.57,0.0,14700,17.87,0.198825
2025-07-15 09:31:00,003029.SZ,BUY_ALLOC,264156.51,0.0,8600,30.62,0.199376
2025-07-15 09:32:00,002912.SZ,BUY_ALLOC,264181.77,0.0,10200,25.87,0.199767
2025-07-15 09:34:00,600353.SH,BUY_ALLOC,265032.58,0.0,18200,14.56,0.199969
2025-07-15 00:00:00,003029.SZ,REBAL_BUY,265363.22,260408.0,100,30.31,0.2
2025-07-15 00:00:00,002912.SZ,REBAL_SELL,265363.22,283662.0,600,27.78,0.2
2025-07-15 00:00:00,600353.SH,REBAL_BUY,265363.22,263354.0,100,14.48,0.2
2025-07-16 09:30:00,002628.SZ,BUY_ALLOC,263971.16,0.0,53800,4.9,0.199734
2025-07-16 09:30:00,002633.SZ,BUY_ALLOC,263944.8,0.0,900,16.63,0.011341
2025-07-16 00:00:00,000819.SZ,REBAL_SELL,263939.7,268569.0,200,18.25,0.2
2025-07-16 00:00:00,002912.SZ,REBAL_BUY,263939.7,258816.0,100,26.99,0.2
2025-07-17 00:00:00,000819.SZ,REBAL_BUY,264996.25,262740.0,100,18.14,0.2
2025-07-17 00:00:00,002633.SZ,REBAL_BUY,264996.25,15102.0,14800,16.8,0.2
2025-07-18 09:38:00,603266.SH,BUY_ALLOC,266445.78,0.0,13200,20.15,0.19965
2025-07-18 10:20:00,002995.SZ,BUY_ALLOC,268267.18,0.0,13400,19.94,0.199201
2025-07-21 00:00:00,002628.SZ,REBAL_SELL,268708.58,297514.0,5200,5.52,0.2
2025-07-21 00:00:00,002633.SZ,REBAL_BUY,268708.58,261562.0,400,16.68,0.2
2025-07-22 09:30:00,002900.SZ,BUY_ALLOC,275392.91,0.0,17100,16.1,0.19994
2025-07-22 09:30:00,603090.SH,BUY_ALLOC,275296.98,0.0,100,27.8,0.00202
2025-07-22 00:00:00,002633.SZ,REBAL_BUY,269707.62,267260.0,100,16.62,0.2
2025-07-22 00:00:00,002900.SZ,REBAL_SELL,269707.62,272574.0,100,15.92,0.2
2025-07-22 00:00:00,603090.SH,REBAL_BUY,269707.62,2890.0,9200,28.93,0.2
2025-07-23 09:30:00,600760.SH,BUY_ALLOC,268418.4,0.0,4100,65.14,0.198998
2025-07-23 09:31:00,002067.SZ,BUY_ALLOC,268334.3,0.0,60900,4.4,0.199721
2025-07-23 09:33:00,000010.SZ,BUY_ALLOC,268672.9,0.0,400,3.45,0.001027
2025-07-23 00:00:00,002633.SZ,REBAL_SELL,266542.76,270540.0,200,16.68,0.2
2025-07-23 00:00:00,600760.SH,REBAL_BUY,266542.76,258792.0,100,63.18,0.2
2025-07-23 00:00:00,002067.SZ,REBAL_SELL,266542.76,274050.0,1600,4.5,0.2
2025-07-23 00:00:00,000010.SZ,REBAL_BUY,266542.76,1368.0,77500,3.42,0.2
2025-07-24 00:00:00,002633.SZ,REBAL_SELL,266554.75,273280.0,300,17.06,0.2
2025-07-24 00:00:00,002067.SZ,REBAL_SELL,266554.75,273966.0,1600,4.62,0.2
2025-07-24 00:00:00,000010.SZ,REBAL_SELL,266554.75,268755.0,600,3.45,0.2
2025-07-25 00:00:00,002067.SZ,REBAL_SELL,268664.47,274075.0,1100,4.75,0.2
2025-07-28 00:00:00,002067.SZ,REBAL_BUY,269608.96,266586.0,600,4.71,0.2
2025-07-29 09:31:00,603528.SH,BUY_ALLOC,269622.36,0.0,30800,8.73,0.199452
2025-07-29 09:34:00,603725.SH,BUY_ALLOC,270581.07,0.0,28700,9.41,0.19962
2025-07-29 00:00:00,002067.SZ,REBAL_SELL,272964.86,276848.0,800,4.84,0.2
2025-07-29 00:00:00,603528.SH,REBAL_BUY,272964.86,270424.0,200,8.79,0.2
2025-07-29 00:00:00,603725.SH,REBAL_SELL,272964.86,291592.0,1800,10.15,0.2
2025-07-30 00:00:00,603725.SH,REBAL_BUY,268389.56,258509.0,1000,9.62,0.2
2025-07-31 09:33:00,600895.SH,BUY_ALLOC,266451.76,0.0,8100,32.62,0.198326
2025-07-31 14:45:00,002975.SZ,BUY_ALLOC,267057.14,0.0,6600,39.88,0.197117
2025-07-31 00:00:00,600895.SH,REBAL_BUY,269351.22,260820.0,200,32.23,0.2
2025-07-31 00:00:00,002975.SZ,REBAL_BUY,269351.22,261558.0,100,39.67,0.2
2025-08-01 09:30:00,002796.SZ,BUY_ALLOC,262874.62,0.0,20400,12.88,0.199907
2025-08-01 09:30:00,600276.SH,BUY_ALLOC,262807.54,0.0,4100,62.89,0.196226
2025-08-01 00:00:00,600895.SH,REBAL_SELL,262732.56,271161.0,200,32.64,0.2
2025-08-01 00:00:00,600276.SH,REBAL_BUY,262732.56,251371.0,100,61.37,0.2
2025-08-04 00:00:00,002975.SZ,REBAL_SELL,261403.26,280328.0,400,41.8,0.2
2025-08-06 14:38:00,603757.SH,BUY_ALLOC,265821.39,0.0,9700,27.35,0.199604
2025-08-06 00:00:00,002975.SZ,REBAL_SELL,266551.46,293202.0,500,46.49,0.2
2025-08-07 09:43:00,002017.SZ,BUY_ALLOC,272597.53,0.0,10100,26.74,0.198149
2025-08-07 10:18:00,603176.SH,BUY_ALLOC,274974.32,0.0,40600,6.76,0.199623
2025-08-07 00:00:00,002017.SZ,REBAL_SELL,280092.03,310272.0,900,30.69,0.2
2025-08-07 00:00:00,603176.SH,REBAL_BUY,280092.03,270396.0,1400,6.67,0.2
2025-08-08 09:30:00,605298.SH,BUY_ALLOC,281557.27,0.0,16200,17.29,0.198963
2025-08-08 09:31:00,002331.SZ,BUY_ALLOC,281464.46,0.0,31900,8.8,0.199471
2025-08-08 09:31:00,600879.SH,BUY_ALLOC,282712.39,0.0,1500,11.18,0.011864
2025-08-08 00:00:00,603757.SH,REBAL_SELL,280724.29,283822.0,100,29.23,0.2
2025-08-08 00:00:00,603176.SH,REBAL_SELL,280724.29,307860.0,3700,7.32,0.2
2025-08-08 00:00:00,605298.SH,REBAL_SELL,280724.29,289818.0,500,17.87,0.2
2025-08-08 00:00:00,002331.SZ,REBAL_BUY,280724.29,269555.0,1300,8.46,0.2
2025-08-08 00:00:00,600879.SH,REBAL_BUY,280724.29,16980.0,23200,11.33,0.2
2025-08-11 09:30:00,000980.SZ,BUY_ALLOC,291788.8,0.0,13200,2.35,0.021262
2025-08-11 00:00:00,603757.SH,REBAL_SELL,290378.86,309024.0,500,32.16,0.2
2025-08-11 00:00:00,605298.SH,REBAL_SELL,290378.86,308976.0,900,19.66,0.2
2025-08-11 00:00:00,002331.SZ,REBAL_SELL,290378.86,308760.0,1900,9.29,0.2
2025-08-11 00:00:00,600879.SH,REBAL_BUY,290378.86,288496.0,100,11.69,0.2
2025-08-11 00:00:00,000980.SZ,REBAL_BUY,290378.86,31152.0,109800,2.36,0.2
2025-08-12 00:00:00,603757.SH,REBAL_SELL,307086.73,322231.0,400,35.37,0.2
2025-08-12 00:00:00,605298.SH,REBAL_SELL,307086.73,320420.0,600,21.63,0.2
2025-08-12 00:00:00,000980.SZ,REBAL_BUY,307086.73,296430.0,4400,2.41,0.2
2025-08-13 09:31:00,002072.SZ,BUY_ALLOC,328079.96,0.0,43200,7.58,0.19962
2025-08-13 09:33:00,002354.SZ,BUY_ALLOC,329170.41,0.0,42200,7.77,0.199224
2025-08-13 00:00:00,603757.SH,REBAL_SELL,329475.22,338865.0,200,38.91,0.2
2025-08-13 00:00:00,605298.SH,REBAL_SELL,329475.22,338244.0,300,23.8,0.2
2025-08-13 00:00:00,000980.SZ,REBAL_BUY,329475.22,318500.0,4300,2.5,0.2
2025-08-14 00:00:00,603757.SH,REBAL_SELL,327574.14,364225.0,800,42.81,0.2
2025-08-14 00:00:00,000980.SZ,REBAL_BUY,327574.14,300276.0,11900,2.28,0.2
2025-08-15 09:30:00,000628.SZ,BUY_ALLOC,326001.2,0.0,6400,50.93,0.19997
2025-08-15 09:30:00,002364.SZ,BUY_ALLOC,325904.6,0.0,17300,18.79,0.199486
2025-08-15 09:30:00,603186.SH,BUY_ALLOC,325802.9,0.0,8500,35.62,0.185861
2025-08-15 00:00:00,603757.SH,REBAL_SELL,325704.62,362978.0,700,47.09,0.2
2025-08-15 00:00:00,000980.SZ,REBAL_SELL,325704.62,347512.0,9000,2.42,0.2
2025-08-15 00:00:00,000628.SZ,REBAL_SELL,325704.62,331008.0,100,51.67,0.2
2025-08-15 00:00:00,002364.SZ,REBAL_SELL,325704.62,357072.0,1500,20.62,0.2
2025-08-18 09:31:00,003029.SZ,BUY_ALLOC,359504.86,0.0,3200,28.46,0.050665
2025-08-19 00:00:00,002364.SZ,REBAL_SELL,364987.71,394526.0,1100,24.95,0.2
2025-08-19 00:00:00,003029.SZ,REBAL_BUY,364987.71,91616.0,9500,28.66,0.2
2025-08-20 09:30:00,002342.SZ,BUY_ALLOC,367723.34,0.0,42300,8.69,0.199926
2025-08-20 09:31:00,000892.SZ,BUY_ALLOC,367601.99,0.0,71200,5.16,0.199886
2025-08-20 09:39:00,601798.SH,BUY_ALLOC,369558.85,0.0,2600,10.64,0.014971
2025-08-20 00:00:00,002342.SZ,REBAL_SELL,363084.07,366318.0,300,8.65,0.2
2025-08-20 00:00:00,000892.SZ,REBAL_SELL,363084.07,367392.0,800,5.15,0.2
2025-08-20 00:00:00,601798.SH,REBAL_BUY,363084.07,27768.0,31300,10.69,0.2
2025-08-21 09:30:00,002551.SZ,BUY_ALLOC,359172.41,0.0,72800,4.93,0.199851
2025-08-21 09:30:00,003033.SZ,BUY_ALLOC,359136.52,0.0,7000,50.45,0.196666
2025-08-21 09:54:00,600841.SH,BUY_ALLOC,359031.2,0.0,200,7.48,0.000833
2025-08-21 00:00:00,002342.SZ,REBAL_SELL,358436.44,377160.0,2000,8.97,0.2
2025-08-21 00:00:00,002551.SZ,REBAL_BUY,358436.44,340704.0,3700,4.68,0.2
2025-08-21 00:00:00,600841.SH,REBAL_BUY,358436.44,1490.0,47900,7.46,0.2
2025-08-22 00:00:00,601798.SH,REBAL_SELL,349229.1,365781.0,1500,10.78,0.2
2025-08-25 09:30:00,600805.SH,BUY_ALLOC,351067.09,0.0,58700,5.98,0.199977
2025-08-25 00:00:00,600805.SH,REBAL_BUY,348289.05,344569.0,600,5.88,0.2
2025-08-26 09:31:00,600104.SH,BUY_ALLOC,347350.05,0.0,17000,20.36,0.199292
2025-08-26 09:44:00,603031.SH,BUY_ALLOC,347791.44,0.0,8900,38.85,0.198835
2025-08-26 00:00:00,600104.SH,REBAL_BUY,349401.57,334050.0,700,19.67,0.2
2025-08-26 00:00:00,603031.SH,REBAL_BUY,349401.57,330368.0,500,37.16,0.2
2025-08-28 09:30:00,000818.SZ,BUY_ALLOC,339317.61,0.0,12600,26.75,0.198663
2025-08-28 09:31:00,002290.SZ,BUY_ALLOC,339208.3,0.0,9600,35.28,0.199693
2025-08-28 13:30:00,002555.SZ,BUY_ALLOC,339366.43,0.0,17800,19.03,0.199627
2025-08-28 00:00:00,000818.SZ,REBAL_BUY,340507.36,332262.0,300,26.4,0.2
2025-08-28 00:00:00,002290.SZ,REBAL_SELL,340507.36,348672.0,200,36.28,0.2
2025-08-28 00:00:00,002555.SZ,REBAL_SELL,340507.36,347634.0,300,19.51,0.2
2025-08-29 09:32:00,002918.SZ,BUY_ALLOC,342529.76,0.0,26000,13.13,0.199329
2025-08-29 09:32:00,603615.SH,BUY_ALLOC,343223.62,0.0,13200,25.91,0.199294
2025-08-29 09:33:00,600980.SH,BUY_ALLOC,345275.02,0.0,100,27.98,0.001621
2025-08-29 00:00:00,002290.SZ,REBAL_BUY,343255.09,337272.0,100,35.92,0.2
2025-08-29 00:00:00,002918.SZ,REBAL_BUY,343255.09,335140.0,600,12.9,0.2
2025-08-29 00:00:00,603615.SH,REBAL_BUY,343255.09,339504.0,100,25.75,0.2
2025-09-01 09:30:00,605100.SH,BUY_ALLOC,339379.69,0.0,11300,27.84,0.185392
2025-09-01 00:00:00,002555.SZ,REBAL_SELL,336682.98,343875.0,300,19.63,0.2
2025-09-01 00:00:00,002918.SZ,REBAL_SELL,336682.98,355110.0,1300,13.34,0.2
2025-09-01 00:00:00,603615.SH,REBAL_SELL,336682.98,354977.0,600,26.66,0.2
2025-09-01 00:00:00,600980.SH,REBAL_BUY,336682.98,2828.0,11800,28.31,0.2
2025-09-01 00:00:00,605100.SH,REBAL_BUY,336682.98,318434.0,600,28.21,0.2
2025-09-03 11:05:00,601958.SH,BUY_ALLOC,327844.05,0.0,19900,16.42,0.199337
2025-09-03 13:06:00,002716.SZ,BUY_ALLOC,331671.98,0.0,55200,6.0,0.199715
2025-09-03 13:38:00,001222.SZ,BUY_ALLOC,335944.46,0.0,12900,26.02,0.199829
2025-09-03 13:47:00,605289.SH,BUY_ALLOC,336994.49,0.0,6400,52.3,0.19865
2025-09-03 00:00:00,601958.SH,REBAL_BUY,339802.62,323375.0,1000,16.27,0.2
2025-09-03 00:00:00,002716.SZ,REBAL_BUY,339802.62,331200.0,1400,6.01,0.2
2025-09-03 00:00:00,001222.SZ,REBAL_BUY,339802.62,332820.0,200,25.83,0.2
2025-09-03 00:00:00,605289.SH,REBAL_BUY,339802.62,329600.0,100,51.55,0.2
2025-09-04 09:30:00,605055.SH,BUY_ALLOC,326710.19,0.0,35900,7.66,0.168341
2025-09-04 00:00:00,001222.SZ,REBAL_SELL,314352.02,352390.0,1400,26.87,0.2
2025-09-04 00:00:00,605055.SH,REBAL_BUY,314352.02,270686.0,5700,7.55,0.2
2025-09-05 09:30:00,605050.SH,BUY_ALLOC,314384.95,0.0,18200,17.24,0.199608
2025-09-05 00:00:00,001222.SZ,REBAL_BUY,316661.67,313560.0,100,26.83,0.2
2025-09-05 00:00:00,605050.SH,REBAL_SELL,316661.67,334880.0,900,18.38,0.2
2025-09-08 09:31:00,002426.SZ,BUY_ALLOC,322732.62,0.0,85600,3.77,0.199987
2025-09-08 00:00:00,605050.SH,REBAL_SELL,323385.14,350152.0,1300,20.22,0.2
2025-09-08 00:00:00,002426.SZ,REBAL_SELL,323385.14,328704.0,1300,3.84,0.2
2025-09-09 09:30:00,603127.SH,BUY_ALLOC,327929.32,0.0,9700,33.69,0.199307
2025-09-09 09:31:00,002796.SZ,BUY_ALLOC,327838.44,0.0,21000,15.55,0.199214
2025-09-09 11:19:00,002534.SZ,BUY_ALLOC,327847.78,0.0,2000,13.74,0.016764
2025-09-09 00:00:00,603127.SH,REBAL_BUY,331704.55,312534.0,500,32.25,0.2
2025-09-09 00:00:00,002796.SZ,REBAL_BUY,331704.55,320880.0,700,15.3,0.2
2025-09-09 00:00:00,002534.SZ,REBAL_BUY,331704.55,27200.0,22300,13.61,0.2
2025-09-10 09:30:00,603863.SH,BUY_ALLOC,330092.92,0.0,16700,19.66,0.198927
2025-09-10 09:37:00,603657.SH,BUY_ALLOC,329993.28,0.0,7200,43.77,0.191
2025-09-10 00:00:00,603127.SH,REBAL_SELL,332291.78,361488.0,800,35.4,0.2
2025-09-10 00:00:00,002534.SZ,REBAL_SELL,332291.78,337527.0,300,13.88,0.2
2025-09-10 00:00:00,603863.SH,REBAL_SELL,332291.78,353205.0,900,21.13,0.2
2025-09-10 00:00:00,603657.SH,REBAL_BUY,332291.78,320832.0,200,44.6,0.2
2025-09-11 09:30:00,000962.SZ,BUY_ALLOC,342257.65,0.0,14900,22.83,0.198778
2025-09-11 09:30:00,002859.SZ,BUY_ALLOC,342164.03,0.0,1600,31.33,0.029301
2025-09-11 09:30:00,601218.SH,BUY_ALLOC,342149.42,0.0,500,4.8,0.001403
2025-09-11 00:00:00,603863.SH,REBAL_BUY,339975.89,332748.0,300,21.08,0.2
2025-09-11 00:00:00,000962.SZ,REBAL_SELL,339975.89,350746.0,400,23.52,0.2
2025-09-11 00:00:00,002859.SZ,REBAL_BUY,339975.89,51840.0,8800,32.43,0.2
2025-09-11 00:00:00,601218.SH,REBAL_BUY,339975.89,2380.0,70900,4.76,0.2
2025-09-12 00:00:00,002534.SZ,REBAL_SELL,347196.68,352560.0,300,14.68,0.2
2025-09-12 00:00:00,000962.SZ,REBAL_SELL,347196.68,358150.0,400,24.68,0.2
2025-09-12 00:00:00,002859.SZ,REBAL_BUY,347196.68,339664.0,200,32.69,0.2
2025-09-12 00:00:00,601218.SH,REBAL_SELL,347196.68,347718.0,100,4.87,0.2
2025-09-15 09:30:00,002276.SZ,BUY_ALLOC,353162.88,0.0,20200,17.48,0.199962
2025-09-15 09:31:00,002636.SZ,BUY_ALLOC,353046.77,0.0,2200,13.16,0.016401
2025-09-15 00:00:00,002534.SZ,REBAL_SELL,352415.52,358818.0,400,15.12,0.2
2025-09-15 00:00:00,000962.SZ,REBAL_BUY,352415.52,343335.0,300,24.37,0.2
2025-09-15 00:00:00,002859.SZ,REBAL_BUY,352415.52,341426.0,300,32.24,0.2
2025-09-15 00:00:00,002276.SZ,REBAL_SELL,352415.52,363600.0,600,17.98,0.2
2025-09-15 00:00:00,002636.SZ,REBAL_BUY,352415.52,29480.0,24000,13.41,0.2
2025-09-16 00:00:00,000962.SZ,REBAL_BUY,355137.86,348768.0,200,24.24,0.2
2025-09-16 00:00:00,002859.SZ,REBAL_SELL,355137.86,360136.0,100,33.01,0.2
2025-09-16 00:00:00,002276.SZ,REBAL_SELL,355137.86,365736.0,500,18.64,0.2
2025-09-16 00:00:00,002636.SZ,REBAL_BUY,355137.86,352914.0,100,13.48,0.2
2025-09-17 09:30:00,600071.SH,BUY_ALLOC,360487.66,0.0,1000,23.67,0.013132
2025-09-17 00:00:00,002534.SZ,REBAL_BUY,358705.0,350898.0,500,15.08,0.2
2025-09-17 00:00:00,002859.SZ,REBAL_BUY,358705.0,350784.0,200,32.51,0.2
2025-09-17 00:00:00,002276.SZ,REBAL_BUY,358705.0,344564.0,700,18.06,0.2
2025-09-17 00:00:00,600071.SH,REBAL_BUY,358705.0,23550.0,14200,23.57,0.2
2025-09-18 09:50:00,603950.SH,BUY_ALLOC,353884.67,0.0,9300,36.35,0.191054
2025-09-18 00:00:00,002276.SZ,REBAL_SELL,352730.59,360360.0,400,18.18,0.2
2025-09-18 00:00:00,603950.SH,REBAL_BUY,352730.59,338799.0,300,36.47,0.2
2025-09-19 09:30:00,002196.SZ,BUY_ALLOC,351930.7,0.0,34000,10.35,0.199983
2025-09-19 09:30:00,003033.SZ,BUY_ALLOC,351827.51,0.0,6700,51.75,0.197099
2025-09-19 09:45:00,002245.SZ,BUY_ALLOC,351725.83,0.0,18100,19.37,0.199358
2025-09-19 00:00:00,002276.SZ,REBAL_SELL,351537.34,362780.0,600,18.68,0.2
2025-09-19 00:00:00,002196.SZ,REBAL_BUY,351537.34,330820.0,2100,9.74,0.2
2025-09-22 09:30:00,002272.SZ,BUY_ALLOC,351976.98,0.0,18600,18.01,0.190345
2025-09-22 00:00:00,002276.SZ,REBAL_SELL,351400.57,386716.0,1700,20.55,0.2
2025-09-22 00:00:00,003033.SZ,REBAL_SELL,351400.57,357713.0,100,53.34,0.2
2025-09-22 00:00:00,002245.SZ,REBAL_SELL,351400.57,356208.0,200,19.66,0.2
2025-09-22 00:00:00,002272.SZ,REBAL_BUY,351400.57,343542.0,400,18.49,0.2
2025-09-23 09:33:00,002303.SZ,BUY_ALLOC,359591.88,0.0,77400,4.64,0.199746
2025-09-23 00:00:00,002245.SZ,REBAL_SELL,359648.62,363728.0,200,20.3,0.2
2025-09-23 00:00:00,002272.SZ,REBAL_SELL,359648.62,369550.0,500,19.43,0.2
2025-09-24 00:00:00,003033.SZ,REBAL_BUY,365185.02,352308.0,200,53.43,0.2
2025-09-25 09:30:00,002060.SZ,BUY_ALLOC,364468.36,0.0,90800,4.01,0.199802
2025-09-25 09:30:00,002515.SZ,BUY_ALLOC,364431.95,0.0,49200,7.4,0.199807
2025-09-25 09:30:00,600798.SH,BUY_ALLOC,364297.14,0.0,84900,4.29,0.199958
2025-09-25 11:18:00,002785.SZ,BUY_ALLOC,364260.72,0.0,11100,32.66,0.199048
2025-09-25 00:00:00,002060.SZ,REBAL_BUY,369814.26,358660.0,2800,3.95,0.2
2025-09-25 00:00:00,002515.SZ,REBAL_SELL,369814.26,372444.0,300,7.56,0.2
2025-09-25 00:00:00,600798.SH,REBAL_BUY,369814.26,352335.0,4200,4.15,0.2
2025-09-25 00:00:00,002785.SZ,REBAL_BUY,369814.26,337995.0,1000,30.48,0.2
2025-09-26 09:30:00,000603.SZ,BUY_ALLOC,358472.17,0.0,14600,22.59,0.184011
2025-09-26 09:30:00,600103.SH,BUY_ALLOC,358380.79,0.0,200,3.92,0.000438
2025-09-26 00:00:00,000603.SZ,REBAL_BUY,360792.76,340618.0,800,23.35,0.2
2025-09-26 00:00:00,600103.SH,REBAL_BUY,360792.76,732.0,98300,3.66,0.2
2025-09-29 09:30:00,605060.SH,BUY_ALLOC,364649.31,0.0,12800,28.42,0.199521
2025-09-29 09:31:00,002130.SZ,BUY_ALLOC,364536.13,0.0,11100,32.75,0.199445
2025-09-29 09:31:00,603035.SH,BUY_ALLOC,365054.78,0.0,19900,18.3,0.199515
2025-09-29 00:00:00,000603.SZ,REBAL_SELL,369434.34,395164.0,1000,25.63,0.2
2025-09-29 00:00:00,605060.SH,REBAL_BUY,369434.34,366464.0,100,28.66,0.2
2025-09-29 00:00:00,002130.SZ,REBAL_BUY,369434.34,343656.0,800,30.99,0.2
2025-09-29 00:00:00,603035.SH,REBAL_BUY,369434.34,364568.0,200,18.34,0.2
2025-09-30 09:30:00,001209.SZ,BUY_ALLOC,370926.29,0.0,18600,19.9,0.199576
2025-09-30 09:31:00,600637.SH,BUY_ALLOC,370814.88,0.0,100,10.04,0.000542
2025-09-30 00:00:00,001209.SZ,REBAL_BUY,365367.61,349308.0,800,18.8,0.2
2025-09-30 00:00:00,600637.SH,REBAL_BUY,365367.61,1031.0,35300,10.32,0.2
2025-10-09 09:46:00,605588.SH,BUY_ALLOC,360912.07,0.0,6000,59.48,0.197766
2025-10-09 00:00:00,600637.SH,REBAL_BUY,362231.37,356832.0,500,10.09,0.2
2025-10-09 00:00:00,605588.SH,REBAL_BUY,362231.37,352800.0,100,58.86,0.2
2025-10-10 09:30:00,001226.SZ,BUY_ALLOC,357123.57,0.0,8300,43.02,0.199968
2025-10-10 09:31:00,603421.SH,BUY_ALLOC,357021.47,0.0,45500,7.84,0.199831
2025-10-10 00:00:00,605588.SH,REBAL_SELL,356223.05,363987.0,100,59.61,0.2
2025-10-10 00:00:00,001226.SZ,REBAL_BUY,356223.05,346442.0,200,41.78,0.2
2025-10-10 00:00:00,603421.SH,REBAL_SELL,356223.05,383565.0,3200,8.42,0.2
2025-10-13 09:30:00,000571.SZ,BUY_ALLOC,352012.56,0.0,66900,5.26,0.199933
2025-10-13 09:30:00,000655.SZ,BUY_ALLOC,351843.57,0.0,37900,9.26,0.199494
2025-10-13 09:30:00,000681.SZ,BUY_ALLOC,351732.67,0.0,1300,22.03,0.016285
2025-10-13 00:00:00,605588.SH,REBAL_SELL,353746.96,393840.0,600,65.57,0.2
2025-10-13 00:00:00,603421.SH,REBAL_BUY,353746.96,343899.0,1200,8.14,0.2
2025-10-13 00:00:00,000571.SZ,REBAL_SELL,353746.96,377316.0,4100,5.63,0.2
2025-10-13 00:00:00,000655.SZ,REBAL_SELL,353746.96,369904.0,1600,9.75,0.2
2025-10-13 00:00:00,000681.SZ,REBAL_BUY,353746.96,32409.0,12800,24.95,0.2
2025-10-14 09:36:00,002985.SZ,BUY_ALLOC,375573.03,0.0,3000,30.92,0.049397
2025-10-14 00:00:00,603421.SH,REBAL_BUY,375080.76,362790.0,1400,8.35,0.2
2025-10-14 00:00:00,000655.SZ,REBAL_BUY,375080.76,350295.0,2500,9.66,0.2
2025-10-14 00:00:00,000681.SZ,REBAL_BUY,375080.76,341502.0,1300,24.24,0.2
2025-10-14 00:00:00,002985.SZ,REBAL_BUY,375080.76,92490.0,9100,30.86,0.2
2025-10-15 09:30:00,000777.SZ,BUY_ALLOC,372114.34,0.0,17200,21.28,0.196722
2025-10-15 00:00:00,000655.SZ,REBAL_SELL,370984.54,379852.0,900,9.78,0.2
2025-10-15 00:00:00,000681.SZ,REBAL_SELL,370984.54,385770.0,500,25.02,0.2
2025-10-15 00:00:00,002985.SZ,REBAL_SELL,370984.54,382118.0,300,31.55,0.2
2025-10-15 00:00:00,000777.SZ,REBAL_SELL,370984.54,377368.0,200,21.92,0.2
2025-10-16 09:30:00,605169.SH,BUY_ALLOC,380512.89,0.0,22600,16.82,0.1998
2025-10-16 09:32:00,603192.SH,BUY_ALLOC,380384.48,0.0,800,24.87,0.010461
2025-10-16 00:00:00,000681.SZ,REBAL_BUY,372509.99,369073.0,100,24.79,0.2
2025-10-16 00:00:00,603192.SH,REBAL_BUY,372509.99,20248.0,13900,25.34,0.2
2025-10-17 09:30:00,002701.SZ,BUY_ALLOC,367795.57,0.0,57200,6.42,0.199689
2025-10-17 09:40:00,002436.SZ,BUY_ALLOC,367644.45,0.0,17800,20.43,0.197829
2025-10-17 00:00:00,603192.SH,REBAL_SELL,364118.87,374703.0,400,25.46,0.2
2025-10-17 00:00:00,002701.SZ,REBAL_BUY,364118.87,360932.0,500,6.32,0.2
2025-10-17 00:00:00,002436.SZ,REBAL_BUY,364118.87,347634.0,800,19.55,0.2
2025-10-20 09:44:00,002793.SZ,BUY_ALLOC,360198.29,0.0,66800,5.39,0.199919
2025-10-20 00:00:00,603192.SH,REBAL_SELL,358454.49,384670.0,900,26.87,0.2
2025-10-20 00:00:00,002793.SZ,REBAL_SELL,358454.49,366064.0,1300,5.47,0.2
2025-10-21 09:30:00,002940.SZ,BUY_ALLOC,360663.27,0.0,8600,41.54,0.198104
2025-10-21 09:37:00,605303.SH,BUY_ALLOC,360558.75,0.0,19500,18.47,0.199782
2025-10-21 00:00:00,002793.SZ,REBAL_BUY,364335.99,358285.0,1100,5.48,0.2
2025-10-21 00:00:00,002940.SZ,REBAL_BUY,364335.99,334712.0,700,38.96,0.2
2025-10-21 00:00:00,605303.SH,REBAL_SELL,364335.99,366405.0,100,18.77,0.2
2025-10-22 09:31:00,600173.SH,BUY_ALLOC,361246.86,0.0,36100,10.0,0.199863
2025-10-22 09:32:00,600192.SH,BUY_ALLOC,362726.96,0.0,35100,9.87,0.191018
2025-10-22 00:00:00,002793.SZ,REBAL_SELL,364938.72,366966.0,300,5.5,0.2
2025-10-22 00:00:00,002940.SZ,REBAL_SELL,364938.72,398133.0,700,42.77,0.2
2025-10-22 00:00:00,605303.SH,REBAL_SELL,364938.72,381986.0,800,19.67,0.2
2025-10-22 00:00:00,600173.SH,REBAL_BUY,364938.72,346199.0,1900,9.6,0.2
2025-10-22 00:00:00,600192.SH,REBAL_BUY,364938.72,354510.0,1000,10.11,0.2
2025-10-23 00:00:00,605303.SH,REBAL_BUY,359327.41,357120.0,100,19.22,0.2
2025-10-23 00:00:00,600192.SH,REBAL_SELL,359327.41,361361.0,200,10.0,0.2
2025-10-24 09:30:00,001330.SZ,BUY_ALLOC,358469.21,0.0,58400,6.13,0.199734
2025-10-24 09:31:00,002861.SZ,BUY_ALLOC,358316.61,0.0,18200,19.62,0.199312
2025-10-24 09:31:00,603280.SH,BUY_ALLOC,358754.1,0.0,8800,40.41,0.198246
2025-10-24 09:31:00,603803.SH,BUY_ALLOC,361200.14,0.0,200,9.11,0.001009
2025-10-24 00:00:00,001330.SZ,REBAL_SELL,357084.32,362664.0,800,6.2,0.2
2025-10-24 00:00:00,002861.SZ,REBAL_SELL,357084.32,365820.0,400,20.08,0.2
2025-10-24 00:00:00,603280.SH,REBAL_BUY,357084.32,343904.0,300,39.12,0.2
2025-10-24 00:00:00,603803.SH,REBAL_BUY,357084.32,1868.0,38000,9.35,0.2
2025-10-27 10:01:00,002733.SZ,BUY_ALLOC,356208.02,0.0,15900,21.64,0.193188
2025-10-27 00:00:00,001330.SZ,REBAL_SELL,355832.37,360000.0,600,6.24,0.2
2025-10-27 00:00:00,002861.SZ,REBAL_SELL,355832.37,358136.0,100,20.1,0.2
2025-10-27 00:00:00,603803.SH,REBAL_SELL,355832.37,357552.0,100,9.35,0.2
2025-10-27 00:00:00,002733.SZ,REBAL_BUY,355832.37,344553.0,500,21.69,0.2
2025-10-28 09:31:00,002546.SZ,BUY_ALLOC,353699.28,0.0,48700,7.14,0.196618
2025-10-28 00:00:00,001330.SZ,REBAL_SELL,353664.51,366510.0,1900,6.42,0.2
2025-10-28 00:00:00,002861.SZ,REBAL_SELL,353664.51,358248.0,200,20.22,0.2
2025-10-28 00:00:00,603803.SH,REBAL_SELL,353664.51,355854.0,200,9.33,0.2
2025-10-28 00:00:00,002733.SZ,REBAL_SELL,353664.51,356044.0,100,21.69,0.2
2025-10-28 00:00:00,002546.SZ,REBAL_BUY,353664.51,350153.0,400,7.2,0.2
2025-10-29 00:00:00,001330.SZ,REBAL_BUY,354234.79,345477.0,1300,6.28,0.2
2025-10-29 00:00:00,002733.SZ,REBAL_SELL,354234.79,362023.0,300,22.19,0.2
2025-10-29 00:00:00,002546.SZ,REBAL_SELL,354234.79,358921.0,600,7.3,0.2
2025-10-30 09:30:00,001223.SZ,BUY_ALLOC,355277.99,0.0,6400,55.27,0.199127
2025-10-30 09:30:00,600855.SH,BUY_ALLOC,355165.82,0.0,23300,15.22,0.199696
2025-10-30 09:31:00,003009.SZ,BUY_ALLOC,355037.16,0.0,100,55.6,0.003132
2025-10-30 09:33:00,600658.SH,BUY_ALLOC,355038.76,0.0,400,6.2,0.001397
2025-10-30 00:00:00,002733.SZ,REBAL_SELL,353552.42,363840.0,400,22.72,0.2
2025-10-30 00:00:00,001223.SZ,REBAL_SELL,353552.42,372160.0,300,58.09,0.2
2025-10-30 00:00:00,600855.SH,REBAL_SELL,353552.42,371635.0,1100,15.93,0.2
2025-10-30 00:00:00,003009.SZ,REBAL_BUY,353552.42,5479.0,6300,54.84,0.2
2025-10-30 00:00:00,600658.SH,REBAL_BUY,353552.42,2516.0,55800,6.3,0.2
2025-10-31 09:30:00,002595.SZ,BUY_ALLOC,359268.02,0.0,600,67.61,0.022583
2025-10-31 09:41:00,600595.SH,BUY_ALLOC,359255.56,0.0,500,6.84,0.001904
2025-10-31 00:00:00,002733.SZ,REBAL_SELL,353378.88,357396.0,100,22.89,0.2
2025-10-31 00:00:00,600658.SH,REBAL_SELL,353378.88,357432.0,600,6.35,0.2
2025-10-31 00:00:00,002595.SZ,REBAL_BUY,353378.88,40164.0,4600,67.01,0.2
2025-10-31 00:00:00,600595.SH,REBAL_BUY,353378.88,3405.0,51300,6.82,0.2
