datetime,stock_code,stock_name,action,shares,price,amount,reason,pnl,buy_time_category,price_type,ref_price,fee
2024-07-08 09:30:00,605228.SH,神通科技,BUY,4400,9.01,39644.0,,,09:30-10:00,开盘价,9.06,1.0
2024-07-15 09:30:00,002045.SZ,国光电器,BUY,3000,13.43,40290.0,,,09:30-10:00,开盘价,13.61,1.0
2024-07-15 09:30:00,600692.SH,亚通股份,BUY,7100,5.69,40399.0,,,09:30-10:00,开盘价,5.7,1.0
2024-07-15 09:30:00,600727.SH,鲁北化工,BUY,5500,7.35,40425.0,,,09:30-10:00,开盘价,7.53,1.0
2024-07-15 09:30:00,605277.SH,新亚电子,BUY,2900,13.81,40049.0,,,09:30-10:00,开盘价,13.81,1.0
2024-07-15 00:00:00,605228.SH,神通科技,SELL,4100,9.43,38663.0,跌破五日线,1719.9999999999998,09:30-10:00,收盘价,9.43,1.0
2024-07-16 00:00:00,002045.SZ,国光电器,SELL,3000,13.39,40170.0,跌破五日线,-121.99999999999744,09:30-10:00,收盘价,13.39,1.0
2024-07-16 00:00:00,600692.SH,亚通股份,SELL,7200,5.6,40320.0,跌破五日线,-650.0000000000053,09:30-10:00,收盘价,5.6,1.0
2024-07-16 00:00:00,600727.SH,鲁北化工,SELL,5600,7.15,40040.0,跌破五日线,-1121.999999999996,09:30-10:00,收盘价,7.15,1.0
2024-07-17 09:30:00,000700.SZ,模塑科技,BUY,6700,5.9,39530.0,,,09:30-10:00,开盘价,5.92,1.0
2024-07-17 09:30:00,603337.SH,杰克股份,BUY,1300,29.13,37869.0,,,09:30-10:00,开盘价,29.4,1.0
2024-07-17 00:00:00,605277.SH,新亚电子,SELL,2900,12.94,37526.0,跌破五日线,-2525.0000000000027,09:30-10:00,收盘价,12.94,1.0
2024-07-18 09:30:00,002903.SZ,宇环数控,BUY,2400,15.65,37560.0,,,09:30-10:00,开盘价,15.88,1.0
2024-07-18 00:00:00,000700.SZ,模塑科技,SELL,6900,5.72,39468.0,跌破五日线,-1244.000000000004,09:30-10:00,收盘价,5.72,1.0
2024-07-19 00:00:00,603337.SH,杰克股份,SELL,1300,29.08,37804.0,跌破五日线,-67.00000000000092,09:30-10:00,收盘价,29.08,1.0
2024-07-22 00:00:00,002903.SZ,宇环数控,SELL,2400,16.34,39216.0,跌破五日线,1653.9999999999989,09:30-10:00,收盘价,16.34,1.0
2024-07-24 09:36:00,603863.SH,松炀资源,BUY,2000,18.99,37980.0,,,09:30-10:00,预估买入价,18.99,1.0
2024-07-26 09:30:00,000410.SZ,沈阳机床,BUY,6200,6.43,39866.0,,,09:30-10:00,开盘价,6.44,1.0
2024-07-26 00:00:00,603863.SH,松炀资源,SELL,2100,19.23,40383.0,跌破五日线,502.0000000000042,09:30-10:00,收盘价,19.23,1.0
2024-07-29 00:00:00,000410.SZ,沈阳机床,SELL,6200,6.42,39804.0,跌破五日线,-63.99999999999868,09:30-10:00,收盘价,6.42,1.0
2024-07-30 09:30:00,600604.SH,市北高新,BUY,10600,3.71,39326.0,,,09:30-10:00,开盘价,3.79,1.0
2024-07-30 09:46:00,000921.SZ,海信家电,BUY,1400,27.78,38892.0,,,09:30-10:00,预估买入价,27.78,1.0
2024-07-30 10:01:00,603085.SH,天成自控,BUY,5000,7.83,39150.0,,,10:00-11:30,预估买入价,7.83,1.0
2024-07-30 11:08:00,000521.SZ,长虹美菱,BUY,5400,7.42,40068.0,,,10:00-11:30,预估买入价,7.42,1.0
2024-07-31 09:30:00,600396.SH,华电辽能,BUY,15900,2.57,40863.0,,,09:30-10:00,开盘价,2.57,1.0
2024-07-31 09:31:00,000868.SZ,安凯客车,BUY,500,5.36,2680.0,,,09:30-10:00,预估买入价,5.36,1.0
2024-07-31 00:00:00,600604.SH,市北高新,SELL,9900,4.15,41085.0,断板止盈,4354.000000000004,09:30-10:00,收盘价,4.15,1.0
2024-07-31 00:00:00,000921.SZ,海信家电,SELL,1400,29.76,41664.0,炸板卖出,2770.0000000000005,09:30-10:00,收盘价,29.76,1.0
2024-08-01 00:00:00,000521.SZ,长虹美菱,SELL,5100,8.32,42432.0,断板止盈,4588.000000000002,10:00-11:30,收盘价,8.32,1.0
2024-08-02 09:30:00,603602.SH,纵横通信,BUY,3200,13.25,42400.0,,,09:30-10:00,开盘价,13.61,1.0
2024-08-02 09:30:00,605218.SH,伟时电子,BUY,2500,17.43,43575.0,,,09:30-10:00,开盘价,17.91,1.0
2024-08-02 09:31:00,603863.SH,松炀资源,BUY,200,22.5,4500.0,,,09:30-10:00,预估买入价,22.5,1.0
2024-08-02 13:34:00,000567.SZ,海德股份,BUY,200,5.32,1064.0,,,13:00-14:50,预估买入价,5.32,1.0
2024-08-02 00:00:00,600396.SH,华电辽能,SELL,16000,2.57,41120.0,跌破五日线,-2.0,09:30-10:00,收盘价,2.57,1.0
2024-08-02 00:00:00,000868.SZ,安凯客车,SELL,7300,5.64,41172.0,断板止盈,2041.9999999999952,09:30-10:00,收盘价,5.64,1.0
2024-08-05 00:00:00,603085.SH,天成自控,SELL,5000,8.1,40500.0,跌破五日线,1347.999999999998,10:00-11:30,收盘价,8.1,1.0
2024-08-05 00:00:00,603602.SH,纵横通信,SELL,3200,13.16,42112.0,跌破五日线,-289.99999999999955,09:30-10:00,收盘价,13.16,1.0
2024-08-05 00:00:00,605218.SH,伟时电子,SELL,2500,16.24,40599.99999999999,跌破五日线,-2977.000000000003,09:30-10:00,收盘价,16.24,1.0
2024-08-06 09:33:00,603127.SH,昭衍新药,BUY,2600,15.74,40924.0,,,09:30-10:00,预估买入价,15.74,1.0
2024-08-06 00:00:00,000567.SZ,海德股份,SELL,7900,5.37,42423.0,跌破五日线,392.9999999999986,13:00-14:50,收盘价,5.37,1.0
2024-08-07 09:31:00,600250.SH,南京商旅,BUY,4800,8.8,42240.0,,,09:30-10:00,预估买入价,8.8,1.0
2024-08-07 00:00:00,603863.SH,松炀资源,SELL,1800,25.15,45270.0,断板止盈,4767.999999999997,09:30-10:00,收盘价,25.15,1.0
2024-08-09 00:00:00,603127.SH,昭衍新药,SELL,2700,15.43,41661.0,跌破五日线,-839.0000000000014,09:30-10:00,收盘价,15.43,1.0
2024-08-09 00:00:00,600250.SH,南京商旅,SELL,4900,8.38,41062.00000000001,跌破五日线,-2059.9999999999995,09:30-10:00,收盘价,8.38,1.0
2024-08-12 09:31:00,600889.SH,南京化纤,BUY,8100,5.21,42201.0,,,09:30-10:00,预估买入价,5.21,1.0
2024-08-13 09:31:00,002175.SZ,东方智造,BUY,22600,1.87,42262.0,,,09:30-10:00,预估买入价,1.87,1.0
2024-08-14 00:00:00,600889.SH,南京化纤,SELL,7500,5.65,42375.0,断板止盈,3298.0000000000027,09:30-10:00,收盘价,5.65,1.0
2024-08-14 00:00:00,002175.SZ,东方智造,SELL,22600,1.84,41584.0,跌破五日线,-680.0000000000006,09:30-10:00,收盘价,1.84,1.0
2024-08-15 09:31:00,603843.SH,正平股份,BUY,14600,2.94,42924.0,,,09:30-10:00,预估买入价,2.94,1.0
2024-08-16 00:00:00,603843.SH,正平股份,SELL,14500,2.91,42195.0,跌破五日线,-436.99999999999716,09:30-10:00,收盘价,2.91,1.0
2024-08-20 09:30:00,002577.SZ,雷柏科技,BUY,3300,12.88,42504.0,,,09:30-10:00,开盘价,13.09,1.0
2024-08-20 09:31:00,603398.SH,沐邦高科,BUY,3500,11.96,41860.0,,,09:30-10:00,预估买入价,11.96,1.0
2024-08-20 09:33:00,002547.SZ,春兴精工,BUY,15500,2.77,42935.0,,,09:30-10:00,预估买入价,2.77,1.0
2024-08-21 09:30:00,603186.SH,华正新材,BUY,2000,21.69,43380.0,,,09:30-10:00,开盘价,22.54,1.0
2024-08-21 09:30:00,603196.SH,日播时尚,BUY,5900,7.39,43601.0,,,09:30-10:00,开盘价,7.66,1.0
2024-08-22 00:00:00,002577.SZ,雷柏科技,SELL,3100,14.28,44268.0,断板止盈,4337.999999999995,09:30-10:00,收盘价,14.28,1.0
2024-08-22 00:00:00,603398.SH,沐邦高科,SELL,3500,11.88,41580.0,跌破五日线,-282.0000000000002,09:30-10:00,收盘价,11.88,1.0
2024-08-22 00:00:00,002547.SZ,春兴精工,SELL,14900,2.91,43359.0,炸板卖出,2084.000000000002,09:30-10:00,收盘价,2.91,1.0
2024-08-22 00:00:00,603186.SH,华正新材,SELL,1900,22.86,43434.0,断板止盈,2220.9999999999964,09:30-10:00,收盘价,22.86,1.0
2024-08-23 09:34:00,603663.SH,三祥新材,BUY,3300,13.68,45144.0,,,09:30-10:00,预估买入价,13.68,1.0
2024-08-23 00:00:00,603196.SH,日播时尚,SELL,5600,8.12,45471.99999999999,断板止盈,4085.9999999999973,09:30-10:00,收盘价,8.12,1.0
2024-08-26 09:30:00,002231.SZ,奥维通信,BUY,10500,4.3,45150.0,,,09:30-10:00,开盘价,4.31,1.0
2024-08-26 09:31:00,002986.SZ,宇新股份,BUY,4000,11.16,44640.0,,,09:30-10:00,预估买入价,11.16,1.0
2024-08-27 09:31:00,000058.SZ,深 赛 格,BUY,8100,5.74,46494.0,,,09:30-10:00,预估买入价,5.74,1.0
2024-08-27 09:31:00,600078.SH,澄星股份,BUY,8700,5.38,46806.0,,,09:30-10:00,预估买入价,5.38,1.0
2024-08-27 11:05:00,002855.SZ,捷荣技术,BUY,300,18.3,5490.0,,,10:00-11:30,预估买入价,18.3,1.0
2024-08-27 00:00:00,603663.SH,三祥新材,SELL,3100,14.87,46097.0,断板止盈,3686.9999999999986,09:30-10:00,收盘价,14.87,1.0
2024-08-27 00:00:00,002231.SZ,奥维通信,SELL,10200,4.3,43860.0,跌破五日线,-2.0,09:30-10:00,收盘价,4.3,1.0
2024-08-28 00:00:00,002986.SZ,宇新股份,SELL,3900,11.44,44616.0,跌破五日线,1089.9999999999975,09:30-10:00,收盘价,11.44,1.0
2024-08-28 00:00:00,600078.SH,澄星股份,SELL,8900,5.17,46013.0,跌破五日线,-1870.9999999999998,09:30-10:00,收盘价,5.17,1.0
2024-08-29 09:30:00,605183.SH,确成股份,BUY,2800,16.11,45108.0,,,09:30-10:00,开盘价,16.39,1.0
2024-08-29 09:31:00,002370.SZ,亚太药业,BUY,15800,2.93,46294.0,,,09:30-10:00,预估买入价,2.93,1.0
2024-08-29 09:32:00,603700.SH,宁水集团,BUY,4700,9.67,45449.0,,,09:30-10:00,预估买入价,9.67,1.0
2024-09-02 00:00:00,000058.SZ,深 赛 格,SELL,7700,5.91,45507.0,跌破五日线,1306.9999999999995,09:30-10:00,收盘价,5.91,1.0
2024-09-02 00:00:00,605183.SH,确成股份,SELL,2800,15.97,44716.0,跌破五日线,-393.9999999999966,09:30-10:00,收盘价,15.97,1.0
2024-09-02 00:00:00,603700.SH,宁水集团,SELL,4400,9.98,43912.0,断板止盈,1362.0000000000023,09:30-10:00,收盘价,9.98,1.0
2024-09-03 09:30:00,000913.SZ,钱江摩托,BUY,2900,15.93,46197.0,,,09:30-10:00,开盘价,16.39,1.0
2024-09-03 09:30:00,600520.SH,文一科技,BUY,2600,17.7,46020.0,,,09:30-10:00,开盘价,17.88,1.0
2024-09-03 09:37:00,600665.SH,天地源,BUY,20600,2.3,47379.99999999999,,,09:30-10:00,预估买入价,2.3,1.0
2024-09-04 00:00:00,002855.SZ,捷荣技术,SELL,2400,19.28,46272.0,跌破五日线,2350.000000000001,10:00-11:30,收盘价,19.28,1.0
2024-09-04 00:00:00,002370.SZ,亚太药业,SELL,15300,3.01,46053.0,跌破五日线,1221.9999999999943,09:30-10:00,收盘价,3.01,1.0
2024-09-04 00:00:00,000913.SZ,钱江摩托,SELL,2900,16.01,46429.00000000001,跌破五日线,230.00000000000534,09:30-10:00,收盘价,16.01,1.0
2024-09-04 00:00:00,600520.SH,文一科技,SELL,2600,17.75,46150.0,跌破五日线,128.00000000000185,09:30-10:00,收盘价,17.75,1.0
2024-09-05 09:31:00,002689.SZ,远大智能,BUY,18500,2.59,47915.0,,,09:30-10:00,预估买入价,2.59,1.0
2024-09-05 09:31:00,603991.SH,至正股份,BUY,1100,41.03,45133.0,,,09:30-10:00,预估买入价,41.03,1.0
2024-09-05 09:44:00,002335.SZ,科华数据,BUY,2400,19.72,47328.0,,,09:30-10:00,预估买入价,19.72,1.0
2024-09-06 09:30:00,001319.SZ,铭科精技,BUY,2600,18.1,47060.00000000001,,,09:30-10:00,开盘价,18.61,1.0
2024-09-06 00:00:00,002335.SZ,科华数据,SELL,2400,19.11,45864.0,跌破五日线,-1465.9999999999986,09:30-10:00,收盘价,19.11,1.0
2024-09-09 09:31:00,600686.SH,金龙汽车,BUY,3400,13.67,46478.0,,,09:30-10:00,预估买入价,13.67,1.0
2024-09-09 00:00:00,002689.SZ,远大智能,SELL,18200,2.62,47684.0,跌破五日线,544.0000000000045,09:30-10:00,收盘价,2.62,1.0
2024-09-09 00:00:00,001319.SZ,铭科精技,SELL,2700,17.65,47654.99999999999,跌破五日线,-1217.0000000000077,09:30-10:00,收盘价,17.65,1.0
2024-09-10 10:05:00,600828.SH,茂业商业,BUY,17700,2.63,46551.0,,,10:00-11:30,预估买入价,2.63,1.0
2024-09-10 00:00:00,600665.SH,天地源,SELL,20100,2.33,46833.0,跌破五日线,601.000000000005,09:30-10:00,收盘价,2.33,1.0
2024-09-10 00:00:00,600686.SH,金龙汽车,SELL,3600,11.79,42444.0,昨日跌停止损,-6770.000000000003,09:30-10:00,收盘价,11.79,1.0
2024-09-11 00:00:00,600828.SH,茂业商业,SELL,17600,2.52,44352.0,跌破五日线,-1937.9999999999977,10:00-11:30,收盘价,2.52,1.0
2024-09-12 09:30:00,600662.SH,外服控股,BUY,10800,4.25,45900.0,,,09:30-10:00,开盘价,4.37,1.0
2024-09-12 09:32:00,600561.SH,江西长运,BUY,10100,4.56,46055.99999999999,,,09:30-10:00,预估买入价,4.56,1.0
2024-09-13 09:34:00,603399.SH,永杉锂业,BUY,7000,6.49,45430.0,,,09:30-10:00,预估买入价,6.49,1.0
2024-09-13 09:36:00,002466.SZ,天齐锂业,BUY,1600,26.89,43024.0,,,09:30-10:00,预估买入价,26.89,1.0
2024-09-13 09:50:00,600370.SH,三房巷,BUY,1500,1.32,1980.0,,,09:30-10:00,预估买入价,1.32,1.0
2024-09-13 00:00:00,600662.SH,外服控股,SELL,10900,4.16,45344.0,昨日跌停止损,-982.9999999999984,09:30-10:00,收盘价,4.16,1.0
2024-09-13 00:00:00,600561.SH,江西长运,SELL,10100,4.4,44440.0,跌破五日线,-1617.9999999999925,09:30-10:00,收盘价,4.4,1.0
2024-09-18 09:30:00,002123.SZ,梦网科技,BUY,6300,6.56,41328.0,,,09:30-10:00,开盘价,6.63,1.0
2024-09-18 09:31:00,002279.SZ,久其软件,BUY,100,4.86,486.00000000000006,,,09:30-10:00,预估买入价,4.86,1.0
2024-09-18 00:00:00,603991.SH,至正股份,SELL,1100,43.3,47630.0,跌破五日线,2494.9999999999955,09:30-10:00,收盘价,43.3,1.0
2024-09-18 00:00:00,603399.SH,永杉锂业,SELL,7200,6.26,45072.0,跌破五日线,-1658.0000000000032,09:30-10:00,收盘价,6.26,1.0
2024-09-18 00:00:00,002466.SZ,天齐锂业,SELL,1700,25.32,43044.0,跌破五日线,-2671.0000000000005,09:30-10:00,收盘价,25.32,1.0
2024-09-19 09:31:00,600082.SH,海泰发展,BUY,20800,2.19,45552.0,,,09:30-10:00,预估买入价,2.19,1.0
2024-09-20 09:31:00,002291.SZ,遥望科技,BUY,10100,4.53,45753.0,,,09:30-10:00,预估买入价,4.53,1.0
2024-09-23 00:00:00,002279.SZ,久其软件,SELL,9000,5.26,47340.0,炸板卖出,3597.999999999995,09:30-10:00,收盘价,5.26,1.0
2024-09-23 00:00:00,600082.SH,海泰发展,SELL,18400,2.41,44344.0,断板止盈,4046.0000000000036,09:30-10:00,收盘价,2.41,1.0
2024-09-24 09:30:00,002031.SZ,巨轮智能,BUY,17800,2.67,47526.0,,,09:30-10:00,开盘价,2.69,1.0
2024-09-24 09:30:00,603607.SH,京华激光,BUY,3400,14.01,47634.0,,,09:30-10:00,开盘价,14.29,1.0
2024-09-24 09:37:00,000560.SZ,我爱我家,BUY,900,2.78,2502.0,,,09:30-10:00,预估买入价,2.78,1.0
2024-09-25 00:00:00,603607.SH,京华激光,SELL,3100,15.51,48081.0,断板止盈,4648.0,09:30-10:00,收盘价,15.51,1.0
2024-09-30 00:00:00,600370.SH,三房巷,SELL,32500,1.72,55900.0,炸板卖出,12997.999999999996,09:30-10:00,收盘价,1.72,1.0
2024-09-30 00:00:00,002031.SZ,巨轮智能,SELL,18100,3.13,56653.0,炸板卖出,8324.0,09:30-10:00,收盘价,3.13,1.0
2024-10-08 00:00:00,002291.SZ,遥望科技,SELL,10200,6.09,62118.0,断板止盈,15909.999999999996,09:30-10:00,收盘价,6.09,1.0
2024-10-08 00:00:00,000560.SZ,我爱我家,SELL,15600,3.9,60840.0,断板止盈,17470.0,09:30-10:00,收盘价,3.9,1.0
2024-10-09 09:30:00,002976.SZ,瑞玛精密,BUY,2500,24.19,60475.0,,,09:30-10:00,开盘价,24.31,1.0
2024-10-09 09:31:00,000678.SZ,襄阳轴承,BUY,11100,5.63,62493.0,,,09:30-10:00,预估买入价,5.63,1.0
2024-10-09 09:31:00,600336.SH,澳柯玛,BUY,9500,6.61,62795.0,,,09:30-10:00,预估买入价,6.61,1.0
2024-10-09 09:32:00,002444.SZ,巨星科技,BUY,1900,30.81,58539.0,,,09:30-10:00,预估买入价,30.81,1.0
2024-10-10 00:00:00,002123.SZ,梦网科技,SELL,6300,9.38,59094.00000000001,断板止盈,17764.000000000007,09:30-10:00,收盘价,9.38,1.0
2024-10-10 00:00:00,002976.SZ,瑞玛精密,SELL,2700,22.53,60831.0,昨日跌停止损,-4484.0,09:30-10:00,收盘价,22.53,1.0
2024-10-10 00:00:00,000678.SZ,襄阳轴承,SELL,11100,5.16,57276.0,昨日跌停止损,-5218.999999999997,09:30-10:00,收盘价,5.16,1.0
2024-10-10 00:00:00,600336.SH,澳柯玛,SELL,9500,6.22,59090.0,昨日跌停止损,-3707.0000000000055,09:30-10:00,收盘价,6.22,1.0
2024-10-10 00:00:00,002444.SZ,巨星科技,SELL,1900,30.39,57741.0,跌破五日线,-799.9999999999965,09:30-10:00,收盘价,30.39,1.0
2024-10-14 09:30:00,600792.SH,云煤能源,BUY,16500,3.57,58905.0,,,09:30-10:00,开盘价,3.67,1.0
2024-10-14 09:30:00,600889.SH,南京化纤,BUY,9900,5.96,59004.0,,,09:30-10:00,开盘价,5.99,1.0
2024-10-14 09:33:00,000520.SZ,凤凰航运,BUY,21300,2.77,59001.0,,,09:30-10:00,预估买入价,2.77,1.0
2024-10-15 09:31:00,600281.SH,华阳新材,BUY,16600,3.6,59760.0,,,09:30-10:00,预估买入价,3.6,1.0
2024-10-15 09:31:00,605399.SH,晨光新材,BUY,4800,12.33,59184.0,,,09:30-10:00,预估买入价,12.33,1.0
2024-10-15 09:35:00,603900.SH,莱绅通灵,BUY,800,6.05,4840.0,,,09:30-10:00,预估买入价,6.05,1.0
2024-10-15 14:55:00,002596.SZ,海南瑞泽,BUY,200,2.25,450.0,,,Other,预估买入价,2.25,1.0
2024-10-15 00:00:00,600792.SH,云煤能源,SELL,15800,3.58,56564.0,跌破五日线,156.00000000000364,09:30-10:00,收盘价,3.58,1.0
2024-10-15 00:00:00,600889.SH,南京化纤,SELL,9600,5.84,56064.0,跌破五日线,-1154.000000000001,09:30-10:00,收盘价,5.84,1.0
2024-10-16 00:00:00,000520.SZ,凤凰航运,SELL,19000,2.99,56810.00000000001,断板止盈,4178.000000000004,09:30-10:00,收盘价,2.99,1.0
2024-10-16 00:00:00,600281.SH,华阳新材,SELL,16600,3.74,62084.0,炸板卖出,2322.0000000000023,09:30-10:00,收盘价,3.74,1.0
2024-10-16 00:00:00,605399.SH,晨光新材,SELL,4800,12.17,58416.0,跌破五日线,-770.0000000000007,09:30-10:00,收盘价,12.17,1.0
2024-10-17 09:31:00,600965.SH,福成股份,BUY,14100,4.27,60206.99999999999,,,09:30-10:00,预估买入价,4.27,1.0
2024-10-17 11:09:00,002231.SZ,奥维通信,BUY,10500,5.73,60165.00000000001,,,10:00-11:30,预估买入价,5.73,1.0
2024-10-17 00:00:00,002596.SZ,海南瑞泽,SELL,26000,2.17,56420.0,跌破五日线,-2082.000000000002,Other,收盘价,2.17,1.0
2024-10-18 09:30:00,600279.SH,重庆港,BUY,13300,4.46,59318.0,,,09:30-10:00,开盘价,4.51,1.0
2024-10-18 09:30:00,601005.SH,重庆钢铁,BUY,44200,1.33,58786.0,,,09:30-10:00,开盘价,1.35,1.0
2024-10-18 00:00:00,603900.SH,莱绅通灵,SELL,8700,6.78,58986.0,跌破五日线,6349.000000000004,09:30-10:00,收盘价,6.78,1.0
2024-10-18 00:00:00,600965.SH,福成股份,SELL,14200,4.13,58646.0,跌破五日线,-1989.9999999999955,09:30-10:00,收盘价,4.13,1.0
2024-10-21 00:00:00,600279.SH,重庆港,SELL,13000,4.39,57069.99999999999,跌破五日线,-912.0000000000036,09:30-10:00,收盘价,4.39,1.0
2024-10-21 00:00:00,601005.SH,重庆钢铁,SELL,43800,1.3,56940.0,跌破五日线,-1316.0000000000011,09:30-10:00,收盘价,1.3,1.0
2024-10-22 09:31:00,000810.SZ,创维数字,BUY,5100,11.74,59874.0,,,09:30-10:00,预估买入价,11.74,1.0
2024-10-22 10:12:00,603339.SH,四方科技,BUY,5500,11.04,60719.99999999999,,,10:00-11:30,预估买入价,11.04,1.0
2024-10-22 00:00:00,002231.SZ,奥维通信,SELL,8900,6.65,59185.0,断板止盈,8185.999999999999,10:00-11:30,收盘价,6.65,1.0
2024-10-23 09:30:00,603636.SH,南威软件,BUY,5500,11.15,61325.0,,,09:30-10:00,开盘价,11.34,1.0
2024-10-23 00:00:00,000810.SZ,创维数字,SELL,4700,13.36,62792.0,断板止盈,7611.999999999996,09:30-10:00,收盘价,13.36,1.0
2024-10-24 09:30:00,002708.SZ,光洋股份,BUY,7000,8.8,61600.00000000001,,,09:30-10:00,开盘价,8.86,1.0
2024-10-24 09:31:00,002645.SZ,华宏科技,BUY,7700,7.93,61061.0,,,09:30-10:00,预估买入价,7.93,1.0
2024-10-24 09:31:00,002717.SZ,岭南股份,BUY,31200,1.98,61776.0,,,09:30-10:00,预估买入价,1.98,1.0
2024-10-24 13:20:00,603081.SH,大丰实业,BUY,200,10.35,2070.0,,,13:00-14:50,预估买入价,10.35,1.0
2024-10-24 00:00:00,603339.SH,四方科技,SELL,5500,11.03,60665.0,跌破五日线,-56.99999999999883,10:00-11:30,收盘价,11.03,1.0
2024-10-24 00:00:00,603636.SH,南威软件,SELL,5600,11.08,62048.0,跌破五日线,-394.0000000000016,09:30-10:00,收盘价,11.08,1.0
2024-10-25 09:39:00,002671.SZ,龙泉股份,BUY,14400,4.43,63791.99999999999,,,09:30-10:00,预估买入价,4.43,1.0
2024-10-28 00:00:00,002708.SZ,光洋股份,SELL,7000,9.79,68530.0,炸板卖出,6927.999999999989,09:30-10:00,收盘价,9.79,1.0
2024-10-29 11:18:00,600743.SH,华远控股,BUY,42700,1.65,70455.0,,,10:00-11:30,预估买入价,1.65,1.0
2024-10-29 00:00:00,002645.SZ,华宏科技,SELL,8400,7.84,65856.0,跌破五日线,-757.9999999999989,09:30-10:00,收盘价,7.84,1.0
2024-10-29 00:00:00,603081.SH,大丰实业,SELL,6300,10.19,64197.0,跌破五日线,-1010.0000000000009,13:00-14:50,收盘价,10.19,1.0
2024-10-29 00:00:00,002671.SZ,龙泉股份,SELL,14700,4.46,65562.0,跌破五日线,439.00000000000364,09:30-10:00,收盘价,4.46,1.0
2024-10-30 09:30:00,002290.SZ,禾盛新材,BUY,4600,15.07,69322.0,,,09:30-10:00,开盘价,15.21,1.0
2024-10-30 09:30:00,002640.SZ,跨境通,BUY,22200,3.14,69708.0,,,09:30-10:00,开盘价,3.16,1.0
2024-10-30 09:30:00,600581.SH,八一钢铁,BUY,19000,3.45,65550.0,,,09:30-10:00,开盘价,3.48,1.0
2024-10-31 00:00:00,600743.SH,华远控股,SELL,38900,1.82,70798.0,断板止盈,6611.0000000000055,10:00-11:30,收盘价,1.82,1.0
2024-11-01 09:31:00,000590.SZ,启迪药业,BUY,10100,7.39,74639.0,,,09:30-10:00,预估买入价,7.39,1.0
2024-11-01 09:31:00,000948.SZ,南天信息,BUY,200,21.38,4276.0,,,09:30-10:00,预估买入价,21.38,1.0
2024-11-01 00:00:00,002717.SZ,岭南股份,SELL,19800,3.5,69300.0,断板止盈,30094.0,09:30-10:00,收盘价,3.5,1.0
2024-11-01 00:00:00,002290.SZ,禾盛新材,SELL,4800,14.2,68160.0,跌破五日线,-4178.000000000005,09:30-10:00,收盘价,14.2,1.0
2024-11-01 00:00:00,600581.SH,八一钢铁,SELL,20000,3.84,76800.0,炸板卖出,7797.999999999994,09:30-10:00,收盘价,3.84,1.0
2024-11-04 09:31:00,002222.SZ,福晶科技,BUY,2300,30.24,69552.0,,,09:30-10:00,预估买入价,30.24,1.0
2024-11-04 09:34:00,603306.SH,华懋科技,BUY,2600,26.65,69290.0,,,09:30-10:00,预估买入价,26.65,1.0
2024-11-04 09:35:00,000563.SZ,陕国投Ａ,BUY,200,3.91,782.0,,,09:30-10:00,预估买入价,3.91,1.0
2024-11-04 00:00:00,002640.SZ,跨境通,SELL,25300,2.96,74888.0,跌破五日线,-4556.000000000004,09:30-10:00,收盘价,2.96,1.0
2024-11-04 00:00:00,000948.SZ,南天信息,SELL,3600,19.61,70596.0,昨日跌停止损,-6373.999999999998,09:30-10:00,收盘价,19.61,1.0
2024-11-05 09:37:00,603266.SH,天龙股份,BUY,3700,19.85,73445.0,,,09:30-10:00,预估买入价,19.85,1.0
2024-11-07 00:00:00,603266.SH,天龙股份,SELL,3500,20.71,72485.0,跌破五日线,3007.999999999998,09:30-10:00,收盘价,20.71,1.0
2024-11-08 09:30:00,002270.SZ,华明装备,BUY,4000,19.11,76440.0,,,09:30-10:00,开盘价,19.33,1.0
2024-11-08 09:30:00,002829.SZ,星网宇达,BUY,500,20.71,10355.0,,,09:30-10:00,开盘价,20.78,1.0
2024-11-08 09:33:00,603336.SH,宏辉果蔬,BUY,100,5.44,544.0,,,09:30-10:00,预估买入价,5.44,1.0
2024-11-08 00:00:00,000590.SZ,启迪药业,SELL,9400,8.39,78866.0,炸板卖出,9398.00000000001,09:30-10:00,收盘价,8.39,1.0
2024-11-08 00:00:00,000563.SZ,陕国投Ａ,SELL,15700,4.46,70022.0,断板止盈,8632.999999999996,09:30-10:00,收盘价,4.46,1.0
2024-11-11 00:00:00,002222.SZ,福晶科技,SELL,2300,37.9,87170.0,断板止盈,17616.0,09:30-10:00,收盘价,37.9,1.0
2024-11-11 00:00:00,002270.SZ,华明装备,SELL,4100,18.34,75194.0,跌破五日线,-3158.999999999998,09:30-10:00,收盘价,18.34,1.0
2024-11-11 00:00:00,603336.SH,宏辉果蔬,SELL,14300,5.26,75218.0,跌破五日线,-2576.0000000000086,09:30-10:00,收盘价,5.26,1.0
2024-11-12 09:31:00,002101.SZ,广东鸿图,BUY,5700,14.04,80028.0,,,09:30-10:00,预估买入价,14.04,1.0
2024-11-12 13:40:00,000839.SZ,中信国安,BUY,20700,3.88,80316.0,,,13:00-14:50,预估买入价,3.88,1.0
2024-11-13 09:30:00,603516.SH,淳中科技,BUY,2100,35.16,73836.0,,,09:30-10:00,开盘价,35.25,1.0
2024-11-13 09:31:00,000599.SZ,青岛双星,BUY,400,5.6,2240.0,,,09:30-10:00,预估买入价,5.6,1.0
2024-11-13 00:00:00,002829.SZ,星网宇达,SELL,3700,20.98,77626.0,跌破五日线,996.9999999999984,09:30-10:00,收盘价,20.98,1.0
2024-11-13 00:00:00,002101.SZ,广东鸿图,SELL,5900,13.7,80830.0,跌破五日线,-2007.999999999999,09:30-10:00,收盘价,13.7,1.0
2024-11-13 00:00:00,000839.SZ,中信国安,SELL,20900,3.83,80047.0,跌破五日线,-1046.9999999999964,13:00-14:50,收盘价,3.83,1.0
2024-11-14 09:32:00,603311.SH,金海高科,BUY,7400,10.72,79328.0,,,09:30-10:00,预估买入价,10.72,1.0
2024-11-14 09:33:00,600787.SH,中储股份,BUY,13800,5.8,80040.0,,,09:30-10:00,预估买入价,5.8,1.0
2024-11-14 00:00:00,603306.SH,华懋科技,SELL,2600,29.55,76830.0,跌破五日线,7538.0000000000055,09:30-10:00,收盘价,29.55,1.0
2024-11-14 00:00:00,000599.SZ,青岛双星,SELL,14400,5.24,75456.0,跌破五日线,-5185.999999999992,09:30-10:00,收盘价,5.24,1.0
2024-11-15 09:30:00,600281.SH,华阳新材,BUY,18100,4.33,78373.0,,,09:30-10:00,开盘价,4.39,1.0
2024-11-18 09:31:00,000679.SZ,大连友谊,BUY,17300,4.69,81137.0,,,09:30-10:00,预估买入价,4.69,1.0
2024-11-18 09:31:00,600844.SH,丹化科技,BUY,600,3.2,1920.0,,,09:30-10:00,预估买入价,3.2,1.0
2024-11-18 00:00:00,603311.SH,金海高科,SELL,7300,10.38,75774.0,跌破五日线,-2483.999999999999,09:30-10:00,收盘价,10.38,1.0
2024-11-18 00:00:00,600281.SH,华阳新材,SELL,18500,3.9,72150.0,昨日跌停止损,-7957.000000000003,09:30-10:00,收盘价,3.9,1.0
2024-11-19 09:30:00,001296.SZ,长江材料,BUY,4100,17.75,72775.0,,,09:30-10:00,开盘价,17.77,1.0
2024-11-19 00:00:00,603516.SH,淳中科技,SELL,2100,40.7,85470.0,炸板卖出,11632.000000000013,09:30-10:00,收盘价,40.7,1.0
2024-11-19 00:00:00,600787.SH,中储股份,SELL,11700,7.04,82368.0,断板止盈,14506.000000000002,09:30-10:00,收盘价,7.04,1.0
2024-11-19 00:00:00,000679.SZ,大连友谊,SELL,18000,4.41,79380.0,跌破五日线,-5042.000000000005,09:30-10:00,收盘价,4.41,1.0
2024-11-19 00:00:00,600844.SH,丹化科技,SELL,25500,2.97,75735.0,昨日跌停止损,-5867.0,09:30-10:00,收盘价,2.97,1.0
2024-11-20 09:30:00,000906.SZ,浙商中拓,BUY,11300,7.08,80004.0,,,09:30-10:00,开盘价,7.11,1.0
2024-11-20 09:31:00,001696.SZ,宗申动力,BUY,3000,26.43,79290.0,,,09:30-10:00,预估买入价,26.43,1.0
2024-11-20 09:31:00,002582.SZ,好想你,BUY,12200,6.57,80154.0,,,09:30-10:00,预估买入价,6.57,1.0
2024-11-20 09:31:00,600322.SH,津投城开,BUY,33200,2.43,80676.0,,,09:30-10:00,预估买入价,2.43,1.0
2024-11-20 09:32:00,600884.SH,杉杉股份,BUY,700,9.49,6643.0,,,09:30-10:00,预估买入价,9.49,1.0
2024-11-20 00:00:00,001296.SZ,长江材料,SELL,3900,20.71,80769.0,断板止盈,11542.000000000004,09:30-10:00,收盘价,20.71,1.0
2024-11-21 00:00:00,000906.SZ,浙商中拓,SELL,11200,6.98,78176.0,跌破五日线,-1121.999999999996,09:30-10:00,收盘价,6.98,1.0
2024-11-21 00:00:00,600322.SH,津投城开,SELL,32900,2.37,77973.0,跌破五日线,-1976.0000000000018,09:30-10:00,收盘价,2.37,1.0
2024-11-22 09:32:00,603196.SH,日播时尚,BUY,5200,15.54,80808.0,,,09:30-10:00,预估买入价,15.54,1.0
2024-11-22 10:14:00,002312.SZ,川发龙蟒,BUY,4900,16.76,82124.00000000001,,,10:00-11:30,预估买入价,16.76,1.0
2024-11-22 00:00:00,001696.SZ,宗申动力,SELL,3000,26.92,80760.0,跌破五日线,1468.000000000006,09:30-10:00,收盘价,26.92,1.0
2024-11-22 00:00:00,002582.SZ,好想你,SELL,12300,6.27,77121.0,跌破五日线,-3692.0000000000086,09:30-10:00,收盘价,6.27,1.0
2024-11-22 00:00:00,600884.SH,杉杉股份,SELL,8300,9.15,75945.0,跌破五日线,-2823.9999999999986,09:30-10:00,收盘价,9.15,1.0
2024-11-25 09:30:00,002176.SZ,江特电机,BUY,8800,9.08,79904.0,,,09:30-10:00,开盘价,9.13,1.0
2024-11-25 09:30:00,002829.SZ,星网宇达,BUY,3700,21.45,79365.0,,,09:30-10:00,开盘价,21.81,1.0
2024-11-25 09:30:00,603078.SH,江化微,BUY,4500,17.38,78210.0,,,09:30-10:00,开盘价,17.64,1.0
2024-11-25 09:35:00,000892.SZ,欢瑞世纪,BUY,100,3.41,341.0,,,09:30-10:00,预估买入价,3.41,1.0
2024-11-25 00:00:00,002312.SZ,川发龙蟒,SELL,5000,17.22,86100.0,昨日跌停止损,2297.9999999999864,10:00-11:30,收盘价,17.22,1.0
2024-11-26 00:00:00,603196.SH,日播时尚,SELL,4500,16.6,74700.0,断板止盈,4768.00000000001,09:30-10:00,收盘价,16.6,1.0
2024-11-26 00:00:00,002176.SZ,江特电机,SELL,9000,8.52,76680.0,跌破五日线,-5042.000000000005,09:30-10:00,收盘价,8.52,1.0
2024-11-26 00:00:00,002829.SZ,星网宇达,SELL,3800,20.6,78280.0,跌破五日线,-3231.999999999992,09:30-10:00,收盘价,20.6,1.0
2024-11-26 00:00:00,000892.SZ,欢瑞世纪,SELL,20800,3.74,77792.0,断板止盈,6862.000000000002,09:30-10:00,收盘价,3.74,1.0
2024-11-27 09:30:00,000716.SZ,黑芝麻,BUY,12800,6.25,80000.0,,,09:30-10:00,开盘价,6.35,1.0
2024-11-27 09:30:00,002397.SZ,梦洁股份,BUY,27200,2.95,80240.0,,,09:30-10:00,开盘价,2.96,1.0
2024-11-27 09:30:00,600293.SH,三峡新材,BUY,25000,3.2,80000.0,,,09:30-10:00,开盘价,3.21,1.0
2024-11-27 09:30:00,600479.SH,千金药业,BUY,6500,12.3,79950.0,,,09:30-10:00,开盘价,12.65,1.0
2024-11-27 09:30:00,600738.SH,丽尚国潮,BUY,600,5.11,3066.0,,,09:30-10:00,开盘价,5.18,1.0
2024-11-27 00:00:00,603078.SH,江化微,SELL,4100,20.76,85116.0,炸板卖出,13856.000000000011,09:30-10:00,收盘价,20.76,1.0
2024-11-28 00:00:00,600479.SH,千金药业,SELL,6700,11.99,80333.0,跌破五日线,-2079.000000000003,09:30-10:00,收盘价,11.99,1.0
2024-11-29 09:31:00,002542.SZ,中化岩土,BUY,19600,4.55,89180.0,,,09:30-10:00,预估买入价,4.55,1.0
2024-11-29 09:31:00,600340.SH,华夏幸福,BUY,5200,2.83,14716.0,,,09:30-10:00,预估买入价,2.83,1.0
2024-11-29 00:00:00,600293.SH,三峡新材,SELL,23500,3.67,86245.0,断板止盈,11042.999999999995,09:30-10:00,收盘价,3.67,1.0
2024-12-02 00:00:00,600738.SH,丽尚国潮,SELL,16700,5.73,95691.0,炸板卖出,10352.000000000002,09:30-10:00,收盘价,5.73,1.0
2024-12-03 09:30:00,002677.SZ,浙江美大,BUY,11600,8.23,95468.0,,,09:30-10:00,开盘价,8.32,1.0
2024-12-03 09:30:00,600118.SH,中国卫星,BUY,300,29.85,8955.0,,,09:30-10:00,开盘价,30.26,1.0
2024-12-03 09:32:00,000679.SZ,大连友谊,BUY,200,5.63,1126.0,,,09:30-10:00,预估买入价,5.63,1.0
2024-12-03 00:00:00,002397.SZ,梦洁股份,SELL,28900,3.13,90457.0,跌破五日线,5199.999999999992,09:30-10:00,收盘价,3.13,1.0
2024-12-04 09:30:00,000796.SZ,凯撒旅业,BUY,4900,5.17,25333.0,,,09:30-10:00,开盘价,5.19,1.0
2024-12-04 09:31:00,600981.SH,汇鸿集团,BUY,100,2.98,298.0,,,09:30-10:00,预估买入价,2.98,1.0
2024-12-04 00:00:00,000716.SZ,黑芝麻,SELL,9800,8.79,86141.99999999999,断板止盈,24889.999999999993,09:30-10:00,收盘价,8.79,1.0
2024-12-04 00:00:00,002542.SZ,中化岩土,SELL,17900,5.29,94691.0,断板止盈,13244.000000000004,09:30-10:00,收盘价,5.29,1.0
2024-12-04 00:00:00,600340.SH,华夏幸福,SELL,27500,3.53,97075.0,断板止盈,19247.999999999993,09:30-10:00,收盘价,3.53,1.0
2024-12-04 00:00:00,002677.SZ,浙江美大,SELL,11800,7.93,93574.0,跌破五日线,-3542.000000000008,09:30-10:00,收盘价,7.93,1.0
2024-12-04 00:00:00,600118.SH,中国卫星,SELL,3200,29.21,93472.0,跌破五日线,-2050.000000000002,09:30-10:00,收盘价,29.21,1.0
2024-12-05 09:30:00,002046.SZ,国机精工,BUY,6900,14.12,97428.0,,,09:30-10:00,开盘价,14.23,1.0
2024-12-05 09:30:00,002896.SZ,中大力德,BUY,2700,35.71,96417.0,,,09:30-10:00,开盘价,35.97,1.0
2024-12-05 09:31:00,605378.SH,野马电池,BUY,100,18.93,1893.0,,,09:30-10:00,预估买入价,18.93,1.0
2024-12-05 09:40:00,000912.SZ,泸天化,BUY,300,5.02,1505.9999999999998,,,09:30-10:00,预估买入价,5.02,1.0
2024-12-05 00:00:00,000796.SZ,凯撒旅业,SELL,19300,5.08,98044.0,跌破五日线,-1738.9999999999973,09:30-10:00,收盘价,5.08,1.0
2024-12-06 00:00:00,600981.SH,汇鸿集团,SELL,32800,3.17,103976.0,炸板卖出,6229.959999999998,09:30-10:00,收盘价,3.17,1.04
2024-12-06 00:00:00,002046.SZ,国机精工,SELL,6300,16.57,104391.0,断板止盈,15432.960000000006,09:30-10:00,收盘价,16.57,1.04
2024-12-06 00:00:00,002896.SZ,中大力德,SELL,2700,38.44,103788.0,炸板卖出,7368.959999999992,09:30-10:00,收盘价,38.44,1.04
2024-12-06 00:00:00,605378.SH,野马电池,SELL,5100,18.64,95064.0,跌破五日线,-1480.9999999999957,09:30-10:00,收盘价,18.64,1.0
2024-12-06 00:00:00,000912.SZ,泸天化,SELL,300,4.93,1479.0,跌破五日线,-28.999999999999957,09:30-10:00,收盘价,4.93,1.0
2024-12-09 09:30:00,002135.SZ,东南网架,BUY,20800,5.03,104624.0,,,09:30-10:00,开盘价,5.04,1.05
2024-12-09 09:30:00,600769.SH,祥龙电业,BUY,8500,12.29,104465.0,,,09:30-10:00,开盘价,13.33,1.04
2024-12-09 09:38:00,603721.SH,中广天择,BUY,3200,32.1,102720.0,,,09:30-10:00,预估买入价,32.1,1.03
2024-12-09 09:42:00,600337.SH,美克家居,BUY,46400,2.27,105328.0,,,09:30-10:00,预估买入价,2.27,1.05
2024-12-09 09:45:00,000882.SZ,华联股份,BUY,1800,2.22,3996.0000000000005,,,09:30-10:00,预估买入价,2.22,1.0
2024-12-10 00:00:00,002135.SZ,东南网架,SELL,20800,4.95,102960.0,跌破五日线,-1666.0800000000013,09:30-10:00,收盘价,4.95,1.03
2024-12-10 00:00:00,600769.SH,祥龙电业,SELL,8500,11.7,99450.0,跌破五日线,-5017.039999999999,09:30-10:00,收盘价,11.7,1.0
2024-12-11 09:30:00,600186.SH,莲花控股,BUY,18000,5.54,99720.0,,,09:30-10:00,开盘价,5.55,1.0
2024-12-12 09:30:00,002395.SZ,双象股份,BUY,2300,17.84,41032.0,,,09:30-10:00,开盘价,17.98,1.0
2024-12-12 00:00:00,000679.SZ,大连友谊,SELL,15600,7.01,109356.0,断板止盈,21525.91,09:30-10:00,收盘价,7.01,1.09
2024-12-13 00:00:00,603721.SH,中广天择,SELL,3400,35.32,120088.0,炸板卖出,10945.769999999995,09:30-10:00,收盘价,35.32,1.2
2024-12-13 00:00:00,600337.SH,美克家居,SELL,41900,2.67,111873.0,断板止盈,16757.829999999998,09:30-10:00,收盘价,2.67,1.12
2024-12-13 00:00:00,000882.SZ,华联股份,SELL,41600,2.65,110240.0,断板止盈,17885.89999999999,09:30-10:00,收盘价,2.65,1.1
2024-12-16 09:30:00,001380.SZ,华纬科技,BUY,4700,24.5,115150.0,,,09:30-10:00,开盘价,25.02,1.15
2024-12-16 09:30:00,002279.SZ,久其软件,BUY,14500,8.06,116870.0,,,09:30-10:00,开盘价,8.14,1.17
2024-12-16 09:32:00,603123.SH,翠微股份,BUY,11600,10.07,116812.0,,,09:30-10:00,预估买入价,10.07,1.17
2024-12-16 10:02:00,000659.SZ,珠海中富,BUY,1000,3.62,3620.0,,,10:00-11:30,预估买入价,3.62,1.0
2024-12-16 00:00:00,600186.SH,莲花控股,SELL,20200,5.58,112716.0,跌破五日线,805.8700000000007,09:30-10:00,收盘价,5.58,1.13
2024-12-16 00:00:00,002395.SZ,双象股份,SELL,6500,17.6,114400.00000000001,跌破五日线,-1562.1399999999899,09:30-10:00,收盘价,17.6,1.14
2024-12-17 09:30:00,002163.SZ,海南发展,BUY,9500,11.55,109725.0,,,09:30-10:00,开盘价,11.57,1.1
2024-12-17 09:30:00,600676.SH,交运股份,BUY,100,5.6,560.0,,,09:30-10:00,开盘价,5.77,1.0
2024-12-17 00:00:00,001380.SZ,华纬科技,SELL,4700,24.03,112941.0,跌破五日线,-2211.2799999999947,09:30-10:00,收盘价,24.03,1.13
2024-12-17 00:00:00,002279.SZ,久其软件,SELL,15000,7.26,108900.0,跌破五日线,-12002.260000000011,09:30-10:00,收盘价,7.26,1.09
2024-12-17 00:00:00,603123.SH,翠微股份,SELL,11600,9.32,108112.0,跌破五日线,-8702.25,09:30-10:00,收盘价,9.32,1.08
2024-12-18 09:30:00,605001.SH,威奥股份,BUY,15800,6.9,109020.0,,,09:30-10:00,开盘价,7.15,1.09
2024-12-18 09:45:00,001389.SZ,广合科技,BUY,2200,45.79,100738.0,,,09:30-10:00,预估买入价,45.79,1.01
2024-12-18 00:00:00,000659.SZ,珠海中富,SELL,32900,3.38,111202.0,跌破五日线,-7898.110000000007,10:00-11:30,收盘价,3.38,1.11
2024-12-18 00:00:00,002163.SZ,海南发展,SELL,9800,10.73,105154.0,跌破五日线,-8038.150000000003,09:30-10:00,收盘价,10.73,1.05
2024-12-19 09:30:00,000868.SZ,安凯客车,BUY,17700,6.3,111510.0,,,09:30-10:00,开盘价,6.41,1.12
2024-12-19 00:00:00,600676.SH,交运股份,SELL,18700,5.84,109208.0,断板止盈,4485.9100000000035,09:30-10:00,收盘价,5.84,1.09
2024-12-20 09:30:00,002514.SZ,宝馨科技,BUY,13400,8.26,110684.0,,,09:30-10:00,开盘价,8.65,1.11
2024-12-20 09:30:00,002835.SZ,同为股份,BUY,5500,20.04,110220.0,,,09:30-10:00,开盘价,20.05,1.1
2024-12-20 09:31:00,000553.SZ,安道麦A,BUY,1100,7.2,7920.0,,,09:30-10:00,预估买入价,7.2,1.0
2024-12-20 00:00:00,605001.SH,威奥股份,SELL,15500,7.16,110980.0,跌破五日线,4027.7999999999965,09:30-10:00,收盘价,7.16,1.11
2024-12-20 00:00:00,000868.SZ,安凯客车,SELL,18300,6.09,111447.0,昨日跌停止损,-3845.2299999999996,09:30-10:00,收盘价,6.09,1.11
2024-12-23 09:30:00,002404.SZ,嘉欣丝绸,BUY,16500,6.95,114675.0,,,09:30-10:00,开盘价,6.98,1.15
2024-12-23 00:00:00,002514.SZ,宝馨科技,SELL,12300,8.23,101229.0,跌破五日线,-371.11999999999216,09:30-10:00,收盘价,8.23,1.01
2024-12-23 00:00:00,002835.SZ,同为股份,SELL,5500,19.81,108955.0,跌破五日线,-1267.190000000002,09:30-10:00,收盘价,19.81,1.09
2024-12-23 00:00:00,000553.SZ,安道麦A,SELL,15400,6.79,104566.0,跌破五日线,-6316.050000000002,09:30-10:00,收盘价,6.79,1.05
2024-12-24 09:30:00,002582.SZ,好想你,BUY,14400,7.7,110880.0,,,09:30-10:00,开盘价,7.73,1.11
2024-12-24 09:30:00,003010.SZ,若羽臣,BUY,4100,26.55,108855.0,,,09:30-10:00,开盘价,26.77,1.09
2024-12-24 09:31:00,002616.SZ,长青集团,BUY,21300,5.21,110973.0,,,09:30-10:00,预估买入价,5.21,1.11
2024-12-24 09:44:00,601113.SH,华鼎股份,BUY,300,4.18,1254.0,,,09:30-10:00,预估买入价,4.18,1.0
2024-12-25 00:00:00,001389.SZ,广合科技,SELL,2100,54.53,114513.0,断板止盈,18351.840000000004,09:30-10:00,收盘价,54.54,1.15
2024-12-25 00:00:00,002404.SZ,嘉欣丝绸,SELL,15600,6.85,106860.0,跌破五日线,-1562.2200000000084,09:30-10:00,收盘价,6.85,1.07
2024-12-25 00:00:00,002616.SZ,长青集团,SELL,18500,5.43,100455.0,断板止盈,4067.8899999999953,09:30-10:00,收盘价,5.43,1.0
2024-12-26 09:30:00,603350.SH,安乃达,BUY,3200,35.71,114272.0,,,09:30-10:00,开盘价,36.82,1.14
2024-12-26 09:31:00,000755.SZ,山西高速,BUY,22000,5.23,115060.00000000001,,,09:30-10:00,预估买入价,5.23,1.15
2024-12-26 09:31:00,603767.SH,中马传动,BUY,400,12.51,5004.0,,,09:30-10:00,预估买入价,12.51,1.0
2024-12-26 00:00:00,003010.SZ,若羽臣,SELL,4000,30.83,123320.0,炸板卖出,17117.67999999999,09:30-10:00,收盘价,30.83,1.23
2024-12-26 00:00:00,601113.SH,华鼎股份,SELL,27400,4.27,116997.99999999999,跌破五日线,2463.829999999996,09:30-10:00,收盘价,4.27,1.17
2024-12-27 00:00:00,002582.SZ,好想你,SELL,13600,8.49,115464.0,断板止盈,10741.74,09:30-10:00,收盘价,8.49,1.15
2024-12-30 09:30:00,600736.SH,苏州高新,BUY,18300,6.64,121512.0,,,09:30-10:00,开盘价,6.79,1.22
2024-12-30 09:31:00,002862.SZ,实丰文化,BUY,3900,30.84,120276.0,,,09:30-10:00,预估买入价,30.84,1.2
2024-12-30 09:35:00,600601.SH,方正科技,BUY,100,4.68,468.0,,,09:30-10:00,预估买入价,4.68,1.0
2024-12-30 00:00:00,603350.SH,安乃达,SELL,3200,37.67,120544.0,跌破五日线,6269.650000000002,09:30-10:00,收盘价,37.67,1.21
2024-12-30 00:00:00,000755.SZ,山西高速,SELL,23000,5.19,119370.00000000001,跌破五日线,-922.3400000000008,09:30-10:00,收盘价,5.19,1.19
2024-12-30 00:00:00,603767.SH,中马传动,SELL,9500,12.31,116945.0,跌破五日线,-1902.1699999999933,09:30-10:00,收盘价,12.31,1.17
2024-12-31 09:30:00,600855.SH,航天长峰,BUY,9000,13.18,118620.0,,,09:30-10:00,开盘价,13.18,1.19
2024-12-31 09:33:00,603016.SH,新宏泰,BUY,3000,38.56,115680.0,,,09:30-10:00,预估买入价,38.56,1.16
2024-12-31 13:11:00,000697.SZ,炼石航空,BUY,400,8.85,3540.0,,,13:00-14:50,预估买入价,8.85,1.0
2024-12-31 00:00:00,600736.SH,苏州高新,SELL,18200,6.21,113022.0,跌破五日线,-7828.349999999995,09:30-10:00,收盘价,6.21,1.13
2024-12-31 00:00:00,002862.SZ,实丰文化,SELL,3900,29.2,113880.0,跌破五日线,-6398.340000000002,09:30-10:00,收盘价,29.2,1.14
2025-01-02 00:00:00,600601.SH,方正科技,SELL,26600,4.21,111986.0,跌破五日线,-12504.119999999994,09:30-10:00,收盘价,4.21,1.12
2025-01-02 00:00:00,600855.SH,航天长峰,SELL,9000,11.87,106830.0,跌破五日线,-11792.260000000004,09:30-10:00,收盘价,11.87,1.07
2025-01-02 00:00:00,603016.SH,新宏泰,SELL,3100,37.45,116095.00000000001,跌破五日线,-3443.319999999998,09:30-10:00,收盘价,37.45,1.16
2025-01-02 00:00:00,000697.SZ,炼石航空,SELL,13200,8.29,109427.99999999999,跌破五日线,-7394.0900000000065,13:00-14:50,收盘价,8.29,1.09
2025-01-03 09:30:00,000592.SZ,平潭发展,BUY,38100,2.87,109347.0,,,09:30-10:00,开盘价,2.87,1.09
2025-01-03 09:30:00,002062.SZ,宏润建设,BUY,21100,5.18,109298.0,,,09:30-10:00,开盘价,5.2,1.09
2025-01-03 09:30:00,601226.SH,华电科工,BUY,16200,6.75,109350.0,,,09:30-10:00,开盘价,6.82,1.09
2025-01-03 09:30:00,605580.SH,恒盛能源,BUY,10000,10.87,108699.99999999999,,,09:30-10:00,开盘价,10.87,1.09
2025-01-03 09:31:00,000558.SZ,天府文旅,BUY,32000,3.41,109120.0,,,09:30-10:00,预估买入价,3.41,1.09
2025-01-06 00:00:00,002062.SZ,宏润建设,SELL,21100,5.1,107609.99999999999,跌破五日线,-1690.1700000000014,09:30-10:00,收盘价,5.1,1.08
2025-01-06 00:00:00,605580.SH,恒盛能源,SELL,9300,12.4,115320.0,炸板卖出,14226.760000000011,09:30-10:00,收盘价,12.4,1.15
2025-01-06 00:00:00,000558.SZ,天府文旅,SELL,34200,3.27,111834.0,昨日跌停止损,-4790.210000000005,09:30-10:00,收盘价,3.27,1.12
2025-01-07 09:30:00,002213.SZ,大为股份,BUY,8100,13.98,113238.0,,,09:30-10:00,开盘价,14.05,1.13
2025-01-07 09:31:00,002426.SZ,胜利精密,BUY,38900,2.94,114366.0,,,09:30-10:00,预估买入价,2.94,1.14
2025-01-07 10:24:00,603016.SH,新宏泰,BUY,2700,41.23,111320.99999999999,,,10:00-11:30,预估买入价,41.23,1.11
2025-01-07 00:00:00,000592.SZ,平潭发展,SELL,38000,2.86,108680.0,跌破五日线,-382.1800000000087,09:30-10:00,收盘价,2.86,1.09
2025-01-07 00:00:00,601226.SH,华电科工,SELL,14900,7.58,112942.0,断板止盈,12364.780000000002,09:30-10:00,收盘价,7.58,1.13
2025-01-08 09:31:00,002370.SZ,亚太药业,BUY,36900,3.11,114759.0,,,09:30-10:00,预估买入价,3.11,1.15
2025-01-08 09:31:00,603083.SH,剑桥科技,BUY,2800,39.94,111832.0,,,09:30-10:00,预估买入价,39.94,1.12
2025-01-08 10:35:00,600259.SH,广晟有色,BUY,700,28.93,20251.0,,,10:00-11:30,预估买入价,28.93,1.0
2025-01-08 00:00:00,002213.SZ,大为股份,SELL,7200,14.75,106200.0,断板止盈,5541.809999999997,09:30-10:00,收盘价,14.75,1.06
2025-01-08 00:00:00,002426.SZ,胜利精密,SELL,36900,3.18,117342.0,炸板卖出,8853.690000000008,09:30-10:00,收盘价,3.18,1.17
2025-01-08 00:00:00,603016.SH,新宏泰,SELL,2800,40.83,114324.0,昨日跌停止损,-1122.249999999996,10:00-11:30,收盘价,40.83,1.14
2025-01-09 09:30:00,000737.SZ,北方铜业,BUY,13700,8.56,117272.0,,,09:30-10:00,开盘价,8.69,1.17
2025-01-09 09:31:00,000430.SZ,*ST张家,BUY,18800,6.25,117500.0,,,09:30-10:00,预估买入价,6.25,1.18
2025-01-09 09:31:00,000880.SZ,潍柴重机,BUY,500,17.84,8920.0,,,09:30-10:00,预估买入价,17.84,1.0
2025-01-09 13:34:00,003037.SZ,三和管桩,BUY,100,6.93,693.0,,,13:00-14:50,预估买入价,6.93,1.0
2025-01-10 00:00:00,002370.SZ,亚太药业,SELL,35300,3.05,107665.0,跌破五日线,-2120.230000000002,09:30-10:00,收盘价,3.05,1.08
2025-01-10 00:00:00,603083.SH,剑桥科技,SELL,2900,37.85,109765.0,跌破五日线,-6063.219999999989,09:30-10:00,收盘价,37.85,1.1
2025-01-10 00:00:00,000737.SZ,北方铜业,SELL,13700,8.63,118231.00000000001,跌破五日线,956.650000000004,09:30-10:00,收盘价,8.63,1.18
2025-01-10 00:00:00,000880.SZ,潍柴重机,SELL,500,18.6,9300.0,炸板卖出,378.0000000000008,09:30-10:00,收盘价,18.6,1.0
2025-01-13 09:30:00,000010.SZ,美丽生态,BUY,39300,2.95,115935.0,,,09:30-10:00,开盘价,2.98,1.16
2025-01-13 09:30:00,603308.SH,应流股份,BUY,7200,15.89,114408.0,,,09:30-10:00,开盘价,16.18,1.14
2025-01-13 09:30:00,603516.SH,淳中科技,BUY,100,52.01,5201.0,,,09:30-10:00,开盘价,53.16,1.0
2025-01-13 00:00:00,003037.SZ,三和管桩,SELL,17100,6.63,113373.0,跌破五日线,-5132.129999999997,13:00-14:50,收盘价,6.63,1.13
2025-01-15 09:31:00,002207.SZ,准油股份,BUY,4200,5.09,21378.0,,,09:30-10:00,预估买入价,5.09,1.0
2025-01-15 00:00:00,000010.SZ,美丽生态,SELL,37900,3.0,113700.0,跌破五日线,1892.699999999993,09:30-10:00,收盘价,3.0,1.14
2025-01-15 00:00:00,603308.SH,应流股份,SELL,6900,17.4,120059.99999999999,断板止盈,10416.659999999985,09:30-10:00,收盘价,17.4,1.2
2025-01-15 00:00:00,603516.SH,淳中科技,SELL,2200,52.81,116182.0,跌破五日线,1757.8400000000092,09:30-10:00,收盘价,52.82,1.16
2025-01-16 13:11:00,002347.SZ,泰尔股份,BUY,17500,7.08,123900.0,,,13:00-14:50,预估买入价,7.08,1.24
2025-01-16 00:00:00,600259.SH,广晟有色,SELL,3900,30.28,118092.0,跌破五日线,5262.820000000005,10:00-11:30,收盘价,30.28,1.18
2025-01-16 00:00:00,000430.SZ,*ST张家,SELL,16300,7.54,122902.0,断板止盈,21024.59,09:30-10:00,收盘价,7.54,1.23
2025-01-17 09:30:00,001282.SZ,三联锻造,BUY,5800,21.78,126324.0,,,09:30-10:00,开盘价,22.35,1.26
2025-01-17 09:31:00,603600.SH,永艺股份,BUY,9700,13.05,126585.0,,,09:30-10:00,预估买入价,13.05,1.27
2025-01-17 09:42:00,600689.SH,上海三毛,BUY,12100,10.51,127171.0,,,09:30-10:00,预估买入价,10.51,1.27
2025-01-17 00:00:00,002207.SZ,准油股份,SELL,22500,5.49,123525.0,断板止盈,8997.760000000007,09:30-10:00,收盘价,5.49,1.24
2025-01-20 09:30:00,002468.SZ,申通快递,BUY,11000,10.86,119460.0,,,09:30-10:00,开盘价,10.93,1.19
2025-01-20 09:31:00,002426.SZ,胜利精密,BUY,200,3.17,634.0,,,09:30-10:00,预估买入价,3.17,1.0
2025-01-20 00:00:00,002347.SZ,泰尔股份,SELL,17400,7.17,124758.0,跌破五日线,1563.5099999999975,13:00-14:50,收盘价,7.17,1.25
2025-01-20 00:00:00,603600.SH,永艺股份,SELL,9900,12.88,127512.00000000001,跌破五日线,-1685.5499999999993,09:30-10:00,收盘价,12.88,1.28
2025-01-21 00:00:00,002468.SZ,申通快递,SELL,11600,10.55,122380.00000000001,跌破五日线,-3598.409999999985,09:30-10:00,收盘价,10.55,1.22
2025-01-21 00:00:00,002426.SZ,胜利精密,SELL,40100,3.05,122305.0,跌破五日线,-4814.220000000005,09:30-10:00,收盘价,3.05,1.22
2025-01-22 09:31:00,002212.SZ,天融信,BUY,18400,6.8,125120.0,,,09:30-10:00,预估买入价,6.8,1.25
2025-01-22 09:31:00,603901.SH,永创智能,BUY,15600,8.05,125580.00000000001,,,09:30-10:00,预估买入价,8.05,1.26
2025-01-22 09:35:00,603863.SH,松炀资源,BUY,6900,18.03,124407.00000000001,,,09:30-10:00,预估买入价,18.03,1.24
2025-01-22 00:00:00,600689.SH,上海三毛,SELL,11300,10.79,121926.99999999999,跌破五日线,3161.509999999993,09:30-10:00,收盘价,10.79,1.22
2025-01-23 13:03:00,600183.SH,生益科技,BUY,4300,29.72,127796.0,,,13:00-14:50,预估买入价,29.72,1.28
2025-01-23 13:58:00,603155.SH,新亚强,BUY,300,14.12,4236.0,,,13:00-14:50,预估买入价,14.12,1.0
2025-01-23 00:00:00,001282.SZ,三联锻造,SELL,5700,24.57,140049.0,炸板卖出,15900.339999999995,09:30-10:00,收盘价,24.57,1.4
2025-01-23 00:00:00,603863.SH,松炀资源,SELL,7100,17.28,122688.00000000001,跌破五日线,-5327.469999999999,09:30-10:00,收盘价,17.28,1.23
2025-01-24 09:31:00,600410.SH,华胜天成,BUY,15800,7.79,123082.0,,,09:30-10:00,预估买入价,7.79,1.23
2025-01-24 00:00:00,603155.SH,新亚强,SELL,9200,13.95,128340.0,跌破五日线,-1566.2799999999993,13:00-14:50,收盘价,13.95,1.28
2025-01-27 09:41:00,603915.SH,国茂股份,BUY,9400,14.17,133198.0,,,09:30-10:00,预估买入价,14.17,1.33
2025-01-27 00:00:00,603901.SH,永创智能,SELL,14700,8.5,124950.0,跌破五日线,6612.48999999999,09:30-10:00,收盘价,8.5,1.25
2025-01-27 00:00:00,600183.SH,生益科技,SELL,4200,29.82,125244.0,跌破五日线,417.470000000006,13:00-14:50,收盘价,29.82,1.25
2025-01-27 00:00:00,600410.SH,华胜天成,SELL,14600,9.0,131400.0,断板止盈,17663.46,09:30-10:00,收盘价,9.0,1.31
2025-02-05 00:00:00,603915.SH,国茂股份,SELL,9800,13.63,133574.0,跌破五日线,-5294.669999999992,09:30-10:00,收盘价,13.63,1.34
2025-02-06 09:30:00,002394.SZ,联发股份,BUY,17600,7.55,132880.0,,,09:30-10:00,开盘价,7.95,1.33
2025-02-07 00:00:00,002212.SZ,天融信,SELL,17500,8.11,141925.0,炸板卖出,22922.329999999994,09:30-10:00,收盘价,8.11,1.42
2025-02-07 00:00:00,002394.SZ,联发股份,SELL,16700,7.87,131429.0,跌破五日线,5341.360000000004,09:30-10:00,收盘价,7.87,1.31
2025-02-11 09:30:00,600173.SH,卧龙新能,BUY,29000,4.74,137460.0,,,09:30-10:00,开盘价,4.75,1.37
2025-02-11 09:31:00,002067.SZ,景兴纸业,BUY,33700,4.07,137159.0,,,09:30-10:00,预估买入价,4.07,1.37
2025-02-11 09:31:00,002421.SZ,达实智能,BUY,36500,3.76,137240.0,,,09:30-10:00,预估买入价,3.76,1.37
2025-02-11 09:31:00,603322.SH,超讯通信,BUY,3300,41.32,136356.0,,,09:30-10:00,预估买入价,41.32,1.36
2025-02-11 09:48:00,002313.SZ,日海智能,BUY,14100,9.8,138180.0,,,09:30-10:00,预估买入价,9.8,1.38
2025-02-12 00:00:00,002313.SZ,日海智能,SELL,12600,10.93,137718.0,断板止盈,14235.239999999989,09:30-10:00,收盘价,10.93,1.38
2025-02-13 09:30:00,002596.SZ,海南瑞泽,BUY,42800,3.48,148944.0,,,09:30-10:00,开盘价,3.48,1.49
2025-02-13 09:45:00,002849.SZ,威星智能,BUY,1100,17.31,19041.0,,,09:30-10:00,预估买入价,17.31,1.0
2025-02-13 14:46:00,002441.SZ,众业达,BUY,100,9.23,923.0,,,13:00-14:50,预估买入价,9.23,1.0
2025-02-13 00:00:00,600173.SH,卧龙新能,SELL,26800,5.65,151420.0,断板止盈,24385.120000000006,09:30-10:00,收盘价,5.65,1.51
2025-02-13 00:00:00,002067.SZ,景兴纸业,SELL,33500,4.14,138690.0,跌破五日线,2342.2399999999802,09:30-10:00,收盘价,4.14,1.39
2025-02-14 00:00:00,002596.SZ,海南瑞泽,SELL,42500,3.38,143650.0,跌破五日线,-4252.930000000003,09:30-10:00,收盘价,3.38,1.44
2025-02-14 00:00:00,002849.SZ,威星智能,SELL,8600,17.08,146887.99999999997,跌破五日线,-1980.4700000000037,09:30-10:00,收盘价,17.08,1.47
2025-02-14 00:00:00,002441.SZ,众业达,SELL,16100,9.01,145061.0,跌破五日线,-3544.4500000000103,13:00-14:50,收盘价,9.01,1.45
2025-02-17 09:30:00,605016.SH,百龙创园,BUY,8100,18.5,149850.0,,,09:30-10:00,开盘价,18.75,1.5
2025-02-17 09:32:00,605296.SH,神农集团,BUY,5600,26.77,149912.0,,,09:30-10:00,预估买入价,26.77,1.5
2025-02-17 09:32:00,605298.SH,必得科技,BUY,11200,13.3,148960.0,,,09:30-10:00,预估买入价,13.3,1.49
2025-02-17 00:00:00,603322.SH,超讯通信,SELL,3300,48.6,160380.0,炸板卖出,24021.040000000005,09:30-10:00,收盘价,48.6,1.6
2025-02-18 09:31:00,002811.SZ,郑中设计,BUY,13300,11.66,155078.0,,,09:30-10:00,预估买入价,11.66,1.55
2025-02-18 13:48:00,600173.SH,卧龙新能,BUY,3400,5.49,18666.0,,,13:00-14:50,预估买入价,5.49,1.0
2025-02-18 00:00:00,002421.SZ,达实智能,SELL,38000,3.81,144780.0,跌破五日线,1897.1800000000103,09:30-10:00,收盘价,3.81,1.45
2025-02-18 00:00:00,605296.SH,神农集团,SELL,5600,26.66,149296.0,跌破五日线,-618.9899999999968,09:30-10:00,收盘价,26.66,1.49
2025-02-19 09:30:00,002786.SZ,银宝山新,BUY,13600,10.3,140080.0,,,09:30-10:00,开盘价,10.35,1.4
2025-02-19 09:31:00,601010.SH,文峰股份,BUY,200,3.07,614.0,,,09:30-10:00,预估买入价,3.07,1.0
2025-02-19 00:00:00,605298.SH,必得科技,SELL,11100,13.82,153402.0,跌破五日线,5768.979999999996,09:30-10:00,收盘价,13.82,1.53
2025-02-20 09:43:00,605378.SH,野马电池,BUY,800,23.73,18984.0,,,09:30-10:00,预估买入价,23.73,1.0
2025-02-20 10:34:00,002520.SZ,日发精机,BUY,100,7.61,761.0,,,10:00-11:30,预估买入价,7.61,1.0
2025-02-20 00:00:00,002811.SZ,郑中设计,SELL,13000,11.32,147160.0,跌破五日线,-4423.019999999999,09:30-10:00,收盘价,11.32,1.47
2025-02-21 00:00:00,605016.SH,百龙创园,SELL,7900,18.91,149389.0,跌破五日线,3236.010000000001,09:30-10:00,收盘价,18.91,1.49
2025-02-24 00:00:00,002786.SZ,银宝山新,SELL,14100,10.49,147909.0,跌破五日线,2676.119999999993,09:30-10:00,收盘价,10.49,1.48
2025-02-24 00:00:00,601010.SH,文峰股份,SELL,44400,3.56,158064.0,断板止盈,21753.42000000001,09:30-10:00,收盘价,3.56,1.58
2025-02-24 00:00:00,002520.SZ,日发精机,SELL,19200,7.83,150336.0,跌破五日线,4221.499999999995,10:00-11:30,收盘价,7.83,1.5
2025-02-25 09:30:00,002117.SZ,东港股份,BUY,11000,14.38,158180.0,,,09:30-10:00,开盘价,14.5,1.58
2025-02-25 09:30:00,002364.SZ,中恒电气,BUY,9000,17.63,158670.0,,,09:30-10:00,开盘价,18.44,1.59
2025-02-25 09:30:00,002593.SZ,日上集团,BUY,27300,5.82,158886.0,,,09:30-10:00,开盘价,6.01,1.59
2025-02-25 09:30:00,600756.SH,浪潮软件,BUY,600,18.55,11130.0,,,09:30-10:00,开盘价,18.68,1.0
2025-02-25 00:00:00,600173.SH,卧龙新能,SELL,25500,6.09,155295.0,断板止盈,15297.449999999992,13:00-14:50,收盘价,6.09,1.55
2025-02-25 00:00:00,605378.SH,野马电池,SELL,6200,24.3,150660.0,跌破五日线,3531.4900000000016,09:30-10:00,收盘价,24.3,1.51
2025-02-26 09:30:00,002277.SZ,友阿股份,BUY,28600,5.57,159302.0,,,09:30-10:00,开盘价,5.63,1.59
2025-02-26 00:00:00,002364.SZ,中恒电气,SELL,8800,17.71,155848.0,跌破五日线,700.8500000000163,09:30-10:00,收盘价,17.71,1.56
2025-02-27 11:19:00,600810.SH,神马股份,BUY,19700,8.13,160161.00000000003,,,10:00-11:30,预估买入价,8.13,1.6
2025-02-27 13:05:00,000581.SZ,威孚高科,BUY,500,21.14,10570.0,,,13:00-14:50,预估买入价,21.14,1.0
2025-02-27 00:00:00,002117.SZ,东港股份,SELL,10900,13.93,151837.0,跌破五日线,-4908.100000000012,09:30-10:00,收盘价,13.93,1.52
2025-02-27 00:00:00,002593.SZ,日上集团,SELL,26400,5.8,153120.0,跌破五日线,-531.1200000000122,09:30-10:00,收盘价,5.8,1.53
2025-02-27 00:00:00,600756.SH,浪潮软件,SELL,8500,17.85,151725.0,跌破五日线,-5952.519999999994,09:30-10:00,收盘价,17.85,1.52
2025-02-27 00:00:00,002277.SZ,友阿股份,SELL,27900,6.11,170469.0,炸板卖出,15062.710000000001,09:30-10:00,收盘价,6.11,1.7
2025-02-28 09:30:00,001223.SZ,欧克科技,BUY,2800,56.21,157388.0,,,09:30-10:00,开盘价,56.39,1.57
2025-02-28 10:18:00,000566.SZ,海南海药,BUY,30500,5.25,160125.0,,,10:00-11:30,预估买入价,5.25,1.6
2025-02-28 13:12:00,600860.SH,京城股份,BUY,12900,12.39,159831.0,,,13:00-14:50,预估买入价,12.39,1.6
2025-03-03 00:00:00,600810.SH,神马股份,SELL,19800,7.9,156420.0,跌破五日线,-4557.160000000009,10:00-11:30,收盘价,7.9,1.56
2025-03-03 00:00:00,000581.SZ,威孚高科,SELL,7500,20.76,155700.0,跌破五日线,-2852.5599999999927,13:00-14:50,收盘价,20.76,1.56
2025-03-03 00:00:00,001223.SZ,欧克科技,SELL,2800,53.98,151144.0,跌破五日线,-6247.080000000011,09:30-10:00,收盘价,53.99,1.51
2025-03-03 00:00:00,000566.SZ,海南海药,SELL,30500,5.01,152805.0,跌破五日线,-7323.1300000000065,10:00-11:30,收盘价,5.01,1.53
2025-03-04 09:30:00,000932.SZ,华菱钢铁,BUY,31100,4.97,154567.0,,,09:30-10:00,开盘价,4.97,1.55
2025-03-04 09:31:00,002140.SZ,东华科技,BUY,15200,10.12,153824.0,,,09:30-10:00,预估买入价,10.12,1.54
2025-03-04 09:31:00,600470.SH,六国化工,BUY,26300,5.9,155170.0,,,09:30-10:00,预估买入价,5.9,1.55
2025-03-04 09:31:00,600581.SH,八一钢铁,BUY,44000,3.52,154880.0,,,09:30-10:00,预估买入价,3.52,1.55
2025-03-05 00:00:00,600470.SH,六国化工,SELL,25600,5.86,150016.0,跌破五日线,-1027.0500000000009,09:30-10:00,收盘价,5.86,1.5
2025-03-06 09:30:00,002178.SZ,延华智能,BUY,20100,7.79,156579.0,,,09:30-10:00,开盘价,7.82,1.57
2025-03-06 00:00:00,002140.SZ,东华科技,SELL,15400,10.21,157234.0,跌破五日线,1382.8900000000253,09:30-10:00,收盘价,10.21,1.57
2025-03-06 00:00:00,600581.SH,八一钢铁,SELL,43900,3.45,151455.0,跌破五日线,-3076.0599999999936,09:30-10:00,收盘价,3.45,1.51
2025-03-07 09:58:00,002261.SZ,拓维信息,BUY,4200,37.93,159306.0,,,09:30-10:00,预估买入价,37.93,1.59
2025-03-07 14:26:00,600363.SH,联创光电,BUY,2800,55.38,155064.0,,,13:00-14:50,预估买入价,55.37,1.55
2025-03-07 00:00:00,002178.SZ,延华智能,SELL,19600,7.77,152292.0,跌破五日线,-395.090000000009,09:30-10:00,收盘价,7.77,1.52
2025-03-10 09:30:00,002134.SZ,天津普林,BUY,6900,23.35,161115.0,,,09:30-10:00,开盘价,23.4,1.61
2025-03-10 09:31:00,000880.SZ,潍柴重机,BUY,400,29.44,11776.0,,,09:30-10:00,预估买入价,29.44,1.0
2025-03-10 00:00:00,002261.SZ,拓维信息,SELL,4300,34.0,146200.0,昨日跌停止损,-16902.05,09:30-10:00,收盘价,34.0,1.46
2025-03-11 09:30:00,603809.SH,豪能股份,BUY,8200,18.0,147600.0,,,09:30-10:00,开盘价,18.44,1.48
2025-03-11 00:00:00,600860.SH,京城股份,SELL,10000,14.99,149900.0,断板止盈,25996.899999999998,13:00-14:50,收盘价,14.99,1.5
2025-03-11 00:00:00,002134.SZ,天津普林,SELL,7100,22.64,160744.0,跌破五日线,-5044.220000000006,09:30-10:00,收盘价,22.64,1.61
2025-03-12 09:30:00,603507.SH,振江股份,BUY,5800,27.73,160834.0,,,09:30-10:00,开盘价,27.77,1.61
2025-03-12 09:32:00,600133.SH,东湖高新,BUY,1500,10.63,15945.000000000002,,,09:30-10:00,预估买入价,10.63,1.0
2025-03-12 00:00:00,000932.SZ,华菱钢铁,SELL,30000,5.09,152700.0,跌破五日线,3596.920000000003,09:30-10:00,收盘价,5.09,1.53
2025-03-13 00:00:00,600363.SH,联创光电,SELL,2800,56.07,156996.0,跌破五日线,1928.8799999999937,13:00-14:50,收盘价,56.08,1.57
2025-03-13 00:00:00,603507.SH,振江股份,SELL,5900,26.63,157117.0,跌破五日线,-6493.180000000008,09:30-10:00,收盘价,26.63,1.57
2025-03-13 00:00:00,600133.SH,东湖高新,SELL,15000,10.41,156150.0,跌破五日线,-3302.5600000000095,09:30-10:00,收盘价,10.41,1.56
2025-03-14 09:31:00,000503.SZ,国新健康,BUY,12800,12.38,158464.0,,,09:30-10:00,预估买入价,12.38,1.58
2025-03-14 09:31:00,002992.SZ,宝明科技,BUY,2100,74.18,155778.0,,,09:30-10:00,预估买入价,74.17,1.56
2025-03-14 09:33:00,002927.SZ,泰永长征,BUY,10200,15.52,158304.0,,,09:30-10:00,预估买入价,15.52,1.58
2025-03-14 09:50:00,002785.SZ,万里石,BUY,200,30.97,6194.0,,,09:30-10:00,预估买入价,30.97,1.0
2025-03-14 09:54:00,601126.SH,四方股份,BUY,100,17.8,1780.0,,,09:30-10:00,预估买入价,17.8,1.0
2025-03-14 00:00:00,000880.SZ,潍柴重机,SELL,4000,38.2,152800.0,断板止盈,35037.47000000001,09:30-10:00,收盘价,38.2,1.53
2025-03-14 00:00:00,603809.SH,豪能股份,SELL,9400,17.65,165910.0,跌破五日线,-3293.140000000013,09:30-10:00,收盘价,17.65,1.66
2025-03-17 00:00:00,002785.SZ,万里石,SELL,5200,30.24,157248.0,跌破五日线,-3798.5700000000024,09:30-10:00,收盘价,30.24,1.57
2025-03-18 00:00:00,601126.SH,四方股份,SELL,9000,17.92,161280.00000000003,跌破五日线,1077.390000000009,09:30-10:00,收盘价,17.92,1.61
2025-03-19 10:39:00,002042.SZ,华孚时尚,BUY,23600,7.12,168032.0,,,10:00-11:30,预估买入价,7.12,1.68
2025-03-19 00:00:00,000503.SZ,国新健康,SELL,12800,12.64,161792.0,跌破五日线,3324.7999999999975,09:30-10:00,收盘价,12.64,1.62
2025-03-20 09:30:00,002719.SZ,麦趣尔,BUY,19900,8.57,170543.0,,,09:30-10:00,开盘价,8.6,1.71
2025-03-20 09:30:00,601336.SH,新华保险,BUY,3000,54.3,162900.0,,,09:30-10:00,开盘价,54.4,1.63
2025-03-20 09:30:00,605337.SH,李子园,BUY,300,12.51,3753.0,,,09:30-10:00,开盘价,12.51,1.0
2025-03-20 00:00:00,002992.SZ,宝明科技,SELL,2100,74.12,155652.0,跌破五日线,-129.12000000000478,09:30-10:00,收盘价,74.13,1.56
2025-03-20 00:00:00,002927.SZ,泰永长征,SELL,8900,18.87,167943.0,断板止盈,29811.74000000001,09:30-10:00,收盘价,18.87,1.68
2025-03-21 09:30:00,000062.SZ,深圳华强,BUY,6300,24.22,152586.0,,,09:30-10:00,开盘价,25.21,1.53
2025-03-21 09:31:00,603196.SH,日播时尚,BUY,100,17.87,1787.0,,,09:30-10:00,预估买入价,17.87,1.0
2025-03-21 00:00:00,002719.SZ,麦趣尔,SELL,19900,8.18,162782.0,跌破五日线,-7764.340000000011,09:30-10:00,收盘价,8.18,1.63
2025-03-21 00:00:00,601336.SH,新华保险,SELL,3200,50.44,161408.0,跌破五日线,-12355.239999999998,09:30-10:00,收盘价,50.45,1.61
2025-03-24 09:30:00,603266.SH,天龙股份,BUY,8100,18.01,145881.0,,,09:30-10:00,开盘价,18.77,1.46
2025-03-24 09:34:00,601218.SH,吉鑫科技,BUY,200,3.52,704.0,,,09:30-10:00,预估买入价,3.52,1.0
2025-03-24 00:00:00,002042.SZ,华孚时尚,SELL,24600,6.16,151536.0,跌破五日线,-23619.2,10:00-11:30,收盘价,6.16,1.52
2025-03-24 00:00:00,605337.SH,李子园,SELL,13000,13.4,174200.0,炸板卖出,11567.260000000007,09:30-10:00,收盘价,13.4,1.74
2025-03-24 00:00:00,000062.SZ,深圳华强,SELL,6900,22.5,155250.0,跌破五日线,-11871.079999999993,09:30-10:00,收盘价,22.5,1.55
2025-03-24 00:00:00,603196.SH,日播时尚,SELL,8800,16.36,143968.0,跌破五日线,-13290.440000000015,09:30-10:00,收盘价,16.36,1.44
2025-03-25 09:30:00,601226.SH,华电科工,BUY,20200,7.57,152914.0,,,09:30-10:00,开盘价,7.63,1.53
2025-03-25 00:00:00,603266.SH,天龙股份,SELL,8800,17.18,151184.0,跌破五日线,-7306.970000000017,09:30-10:00,收盘价,17.18,1.51
2025-03-26 09:31:00,000558.SZ,天府文旅,BUY,41200,3.68,151616.0,,,09:30-10:00,预估买入价,3.68,1.52
2025-03-26 09:31:00,002391.SZ,长青股份,BUY,27200,5.58,151776.0,,,09:30-10:00,预估买入价,5.58,1.52
2025-03-26 00:00:00,601218.SH,吉鑫科技,SELL,43300,3.5,151550.0,跌破五日线,-868.5200000000008,09:30-10:00,收盘价,3.5,1.52
2025-03-26 00:00:00,601226.SH,华电科工,SELL,20200,7.41,149682.0,跌破五日线,-3235.030000000003,09:30-10:00,收盘价,7.41,1.5
2025-03-27 09:34:00,002255.SZ,海陆重工,BUY,19700,7.77,153069.0,,,09:30-10:00,预估买入价,7.77,1.53
2025-03-27 09:44:00,603015.SH,弘讯科技,BUY,11300,13.59,153567.0,,,09:30-10:00,预估买入价,13.59,1.54
2025-03-27 14:42:00,603169.SH,兰石重装,BUY,24000,6.45,154800.0,,,13:00-14:50,预估买入价,6.45,1.55
2025-03-27 00:00:00,002391.SZ,长青股份,SELL,27500,5.43,149325.0,跌破五日线,-4128.01000000001,09:30-10:00,收盘价,5.43,1.49
2025-03-28 09:31:00,600156.SH,华升股份,BUY,25600,5.77,147712.0,,,09:30-10:00,预估买入价,5.77,1.48
2025-03-28 00:00:00,000558.SZ,天府文旅,SELL,41300,3.56,147028.0,跌破五日线,-4958.990000000005,09:30-10:00,收盘价,3.56,1.47
2025-03-31 09:31:00,603938.SH,三孚股份,BUY,11700,12.91,151047.0,,,09:30-10:00,预估买入价,12.91,1.51
2025-03-31 09:38:00,002755.SZ,奥赛康,BUY,700,18.07,12649.0,,,09:30-10:00,预估买入价,18.07,1.0
2025-03-31 00:00:00,002255.SZ,海陆重工,SELL,20000,7.49,149800.0,跌破五日线,-5603.029999999987,09:30-10:00,收盘价,7.49,1.5
2025-03-31 00:00:00,600156.SH,华升股份,SELL,25600,5.49,140544.0,跌破五日线,-7170.889999999983,09:30-10:00,收盘价,5.49,1.41
2025-04-01 09:30:00,600128.SH,苏豪弘业,BUY,14300,10.75,153725.0,,,09:30-10:00,开盘价,10.79,1.54
2025-04-01 09:30:00,605255.SH,天普股份,BUY,800,16.25,13000.0,,,09:30-10:00,开盘价,16.41,1.0
2025-04-01 09:31:00,000958.SZ,电投产融,BUY,100,6.7,670.0,,,09:30-10:00,预估买入价,6.7,1.0
2025-04-01 00:00:00,603015.SH,弘讯科技,SELL,10500,15.21,159705.0,炸板卖出,17006.86000000001,09:30-10:00,收盘价,15.21,1.6
2025-04-01 00:00:00,002755.SZ,奥赛康,SELL,8300,19.73,163759.0,炸板卖出,13775.360000000002,09:30-10:00,收盘价,19.73,1.64
2025-04-02 09:31:00,000601.SZ,韶能股份,BUY,3900,5.49,21411.0,,,09:30-10:00,预估买入价,5.49,1.0
2025-04-02 00:00:00,603169.SH,兰石重装,SELL,19800,8.69,172062.0,断板止盈,44348.72999999998,13:00-14:50,收盘价,8.69,1.72
2025-04-02 00:00:00,603938.SH,三孚股份,SELL,11400,14.87,169518.0,断板止盈,22340.78999999999,09:30-10:00,收盘价,14.87,1.7
2025-04-02 00:00:00,600128.SH,苏豪弘业,SELL,14700,10.61,155967.0,跌破五日线,-2061.100000000008,09:30-10:00,收盘价,10.61,1.56
2025-04-03 09:30:00,603192.SH,汇得科技,BUY,9500,17.83,169384.99999999997,,,09:30-10:00,开盘价,17.84,1.69
2025-04-03 11:17:00,600506.SH,统一股份,BUY,8200,20.63,169166.0,,,10:00-11:30,预估买入价,20.63,1.69
2025-04-03 00:00:00,605255.SH,天普股份,SELL,9900,16.82,166518.0,跌破五日线,5640.330000000003,09:30-10:00,收盘价,16.82,1.67
2025-04-03 00:00:00,000958.SZ,电投产融,SELL,22800,7.66,174648.0,断板止盈,21885.25,09:30-10:00,收盘价,7.66,1.75
2025-04-07 09:30:00,000559.SZ,万向钱潮,BUY,23000,7.15,164450.0,,,09:30-10:00,开盘价,7.4,1.64
2025-04-07 09:30:00,002201.SZ,九鼎新材,BUY,29100,5.66,164706.0,,,09:30-10:00,开盘价,5.83,1.65
2025-04-07 09:30:00,002571.SZ,德力股份,BUY,4100,6.23,25543.0,,,09:30-10:00,开盘价,6.38,1.0
2025-04-07 00:00:00,000601.SZ,韶能股份,SELL,29000,5.36,155440.0,跌破五日线,-3772.549999999997,09:30-10:00,收盘价,5.36,1.55
2025-04-07 00:00:00,603192.SH,汇得科技,SELL,9200,16.93,155756.0,跌破五日线,-8283.249999999987,09:30-10:00,收盘价,16.93,1.56
2025-04-07 00:00:00,600506.SH,统一股份,SELL,8300,18.7,155210.0,跌破五日线,-16022.239999999998,10:00-11:30,收盘价,18.7,1.55
2025-04-08 00:00:00,000559.SZ,万向钱潮,SELL,23600,6.27,147972.0,昨日跌停止损,-20771.120000000017,09:30-10:00,收盘价,6.27,1.48
2025-04-09 00:00:00,002571.SZ,德力股份,SELL,24900,6.9,171810.0,炸板卖出,16680.28,09:30-10:00,收盘价,6.9,1.72
2025-04-10 09:30:00,000061.SZ,农 产 品,BUY,23800,6.98,166124.0,,,09:30-10:00,开盘价,7.02,1.66
2025-04-10 09:30:00,000716.SZ,黑芝麻,BUY,26500,6.28,166420.0,,,09:30-10:00,开盘价,6.33,1.66
2025-04-10 09:30:00,002734.SZ,利民股份,BUY,15000,11.05,165750.0,,,09:30-10:00,开盘价,11.24,1.66
2025-04-10 09:30:00,002819.SZ,东方中科,BUY,6500,25.46,165490.0,,,09:30-10:00,开盘价,25.67,1.65
2025-04-10 09:30:00,600032.SH,浙江新能,BUY,600,8.3,4980.0,,,09:30-10:00,开盘价,8.8,1.0
2025-04-11 09:43:00,002828.SZ,贝肯能源,BUY,4800,8.01,38448.0,,,09:30-10:00,预估买入价,8.01,1.0
2025-04-11 10:18:00,000965.SZ,天保基建,BUY,100,3.19,319.0,,,10:00-11:30,预估买入价,3.19,1.0
2025-04-11 00:00:00,000061.SZ,农 产 品,SELL,23100,6.89,159159.0,跌破五日线,-2082.2500000000173,09:30-10:00,收盘价,6.89,1.59
2025-04-11 00:00:00,600032.SH,浙江新能,SELL,600,8.21,4926.000000000001,跌破五日线,-55.999999999999915,09:30-10:00,收盘价,8.21,1.0
2025-04-14 00:00:00,002201.SZ,九鼎新材,SELL,26700,6.78,181026.0,炸板卖出,29900.54,09:30-10:00,收盘价,6.78,1.81
2025-04-15 00:00:00,002819.SZ,东方中科,SELL,6500,25.86,168090.0,跌破五日线,2596.669999999991,09:30-10:00,收盘价,25.86,1.68
2025-04-15 00:00:00,000965.SZ,天保基建,SELL,55200,3.08,170016.0,跌破五日线,-6074.6999999999925,10:00-11:30,收盘价,3.08,1.7
2025-04-16 09:30:00,603500.SH,祥和实业,BUY,22100,7.89,174369.0,,,09:30-10:00,开盘价,7.93,1.74
2025-04-16 09:31:00,600844.SH,丹化科技,BUY,56900,3.07,174683.0,,,09:30-10:00,预估买入价,3.07,1.75
2025-04-16 09:31:00,603693.SH,江苏新能,BUY,500,14.51,7255.0,,,09:30-10:00,预估买入价,14.51,1.0
2025-04-16 00:00:00,002828.SZ,贝肯能源,SELL,21300,8.06,171678.0,跌破五日线,1062.2800000000152,09:30-10:00,收盘价,8.06,1.72
2025-04-17 00:00:00,002734.SZ,利民股份,SELL,14900,11.61,172989.0,跌破五日线,8340.609999999982,09:30-10:00,收盘价,11.61,1.73
2025-04-17 00:00:00,603693.SH,江苏新能,SELL,12600,13.72,172872.0,跌破五日线,-9956.729999999989,09:30-10:00,收盘价,13.72,1.73
2025-04-18 09:30:00,603967.SH,中创物流,BUY,13500,13.05,176175.0,,,09:30-10:00,开盘价,13.09,1.76
2025-04-18 09:34:00,600300.SH,维维股份,BUY,43200,4.09,176688.0,,,09:30-10:00,预估买入价,4.09,1.77
2025-04-18 00:00:00,000716.SZ,黑芝麻,SELL,23700,6.88,163056.0,跌破五日线,14216.709999999992,09:30-10:00,收盘价,6.88,1.63
2025-04-18 00:00:00,600844.SH,丹化科技,SELL,56800,3.0,170400.0,跌破五日线,-3979.4499999999907,09:30-10:00,收盘价,3.0,1.7
2025-04-21 09:31:00,002584.SZ,西陇科学,BUY,19400,8.87,172077.99999999997,,,09:30-10:00,预估买入价,8.87,1.72
2025-04-21 09:31:00,600939.SH,重庆建工,BUY,59700,2.72,162384.0,,,09:30-10:00,预估买入价,2.72,1.62
2025-04-22 09:49:00,002278.SZ,神开股份,BUY,3300,7.5,24750.0,,,09:30-10:00,预估买入价,7.5,1.0
2025-04-22 00:00:00,600300.SH,维维股份,SELL,39400,4.3,169420.0,断板止盈,8270.539999999997,09:30-10:00,收盘价,4.3,1.69
2025-04-23 09:30:00,001337.SZ,四川黄金,BUY,1600,26.2,41920.0,,,09:30-10:00,开盘价,26.95,1.0
2025-04-23 09:31:00,000862.SZ,银星能源,BUY,100,5.99,599.0,,,09:30-10:00,预估买入价,5.99,1.0
2025-04-23 00:00:00,603967.SH,中创物流,SELL,13200,12.89,170148.0,跌破五日线,-2115.460000000002,09:30-10:00,收盘价,12.89,1.7
2025-04-23 00:00:00,002584.SZ,西陇科学,SELL,17500,9.8,171500.0,断板止盈,16271.560000000027,09:30-10:00,收盘价,9.8,1.72
2025-04-23 00:00:00,600939.SH,重庆建工,SELL,59200,2.87,169904.0,断板止盈,8876.679999999993,09:30-10:00,收盘价,2.87,1.7
2025-04-24 09:30:00,000628.SZ,高新发展,BUY,4000,46.68,186720.0,,,09:30-10:00,开盘价,47.27,1.87
2025-04-24 09:30:00,600119.SH,长江投资,BUY,2000,7.72,15440.0,,,09:30-10:00,开盘价,7.78,1.0
2025-04-24 09:34:00,600787.SH,中储股份,BUY,100,6.54,654.0,,,09:30-10:00,预估买入价,6.54,1.0
2025-04-24 00:00:00,002278.SZ,神开股份,SELL,22500,7.82,175950.0,断板止盈,7197.240000000006,09:30-10:00,收盘价,7.82,1.76
2025-04-24 00:00:00,001337.SZ,四川黄金,SELL,7000,25.84,180880.0,跌破五日线,-2522.809999999996,09:30-10:00,收盘价,25.84,1.81
2025-04-24 00:00:00,000862.SZ,银星能源,SELL,30300,6.29,190587.0,炸板卖出,9087.089999999995,09:30-10:00,收盘价,6.29,1.91
2025-04-25 09:30:00,603918.SH,金桥信息,BUY,11000,16.7,183700.0,,,09:30-10:00,开盘价,17.04,1.84
2025-04-25 09:31:00,002795.SZ,永和智控,BUY,100,5.27,527.0,,,09:30-10:00,预估买入价,5.27,1.0
2025-04-25 00:00:00,000628.SZ,高新发展,SELL,4000,46.47,185880.0,跌破五日线,-843.7300000000034,09:30-10:00,收盘价,46.47,1.86
2025-04-25 00:00:00,600787.SH,中储股份,SELL,29100,6.4,186240.0,跌破五日线,-4076.859999999991,09:30-10:00,收盘价,6.4,1.86
2025-04-28 09:31:00,600668.SH,尖峰集团,BUY,15500,12.14,188170.0,,,09:30-10:00,预估买入价,12.14,1.88
2025-04-28 09:31:00,600800.SH,渤海化学,BUY,5200,3.23,16796.0,,,09:30-10:00,预估买入价,3.23,1.0
2025-04-28 00:00:00,603500.SH,祥和实业,SELL,22400,8.15,182560.0,跌破五日线,5820.430000000016,09:30-10:00,收盘价,8.15,1.83
2025-04-28 00:00:00,600119.SH,长江投资,SELL,23500,7.51,176485.0,跌破五日线,-4937.759999999999,09:30-10:00,收盘价,7.51,1.76
2025-04-28 00:00:00,002795.SZ,永和智控,SELL,36000,4.93,177480.0,跌破五日线,-12242.769999999995,09:30-10:00,收盘价,4.93,1.77
2025-04-29 09:30:00,600592.SH,龙溪股份,BUY,9500,19.37,184015.0,,,09:30-10:00,开盘价,19.42,1.84
2025-04-29 09:30:00,601177.SH,杭齿前进,BUY,10100,18.0,181800.0,,,09:30-10:00,开盘价,18.64,1.82
2025-04-29 00:00:00,600800.SH,渤海化学,SELL,58900,3.1,182590.0,跌破五日线,-7659.829999999994,09:30-10:00,收盘价,3.1,1.83
2025-04-30 09:32:00,600589.SH,大位科技,BUY,27400,6.97,190978.0,,,09:30-10:00,预估买入价,6.97,1.91
2025-04-30 11:04:00,002376.SZ,新北洋,BUY,3000,6.66,19980.0,,,10:00-11:30,预估买入价,6.66,1.0
2025-04-30 00:00:00,601177.SH,杭齿前进,SELL,9500,20.09,190855.0,炸板卖出,19851.27,09:30-10:00,收盘价,20.09,1.91
2025-05-06 09:30:00,001298.SZ,好上好,BUY,800,27.6,22080.0,,,09:30-10:00,开盘价,27.73,1.0
2025-05-07 09:55:00,601595.SH,上海电影,BUY,600,32.15,19290.0,,,09:30-10:00,预估买入价,32.15,1.0
2025-05-07 00:00:00,603918.SH,金桥信息,SELL,10500,18.12,190260.0,跌破五日线,14906.260000000018,09:30-10:00,收盘价,18.12,1.9
2025-05-07 00:00:00,600589.SH,大位科技,SELL,25700,8.09,207913.0,断板止盈,28780.010000000002,09:30-10:00,收盘价,8.09,2.08
2025-05-08 00:00:00,600592.SH,龙溪股份,SELL,7800,29.0,226200.0,断板止盈,75109.9,09:30-10:00,收盘价,29.0,2.26
2025-05-09 09:30:00,002436.SZ,兴森科技,BUY,17100,12.83,219393.0,,,09:30-10:00,开盘价,12.97,2.19
2025-05-09 09:30:00,600743.SH,华远控股,BUY,15900,1.89,30051.0,,,09:30-10:00,开盘价,1.9,1.0
2025-05-09 00:00:00,600668.SH,尖峰集团,SELL,15500,13.79,213745.0,断板止盈,25570.979999999978,09:30-10:00,收盘价,13.79,2.14
2025-05-09 00:00:00,002376.SZ,新北洋,SELL,31000,6.75,209250.0,跌破五日线,2786.9099999999953,10:00-11:30,收盘价,6.75,2.09
2025-05-09 00:00:00,001298.SZ,好上好,SELL,7400,27.42,202908.0,跌破五日线,-1335.029999999998,09:30-10:00,收盘价,27.42,2.03
2025-05-09 00:00:00,601595.SH,上海电影,SELL,6500,31.38,203970.0,跌破五日线,-5008.039999999997,09:30-10:00,收盘价,31.38,2.04
2025-05-12 09:30:00,002255.SZ,海陆重工,BUY,23000,9.34,214820.0,,,09:30-10:00,开盘价,9.42,2.15
2025-05-12 09:30:00,603169.SH,兰石重装,BUY,29700,7.25,215325.0,,,09:30-10:00,开盘价,7.41,2.15
2025-05-12 09:32:00,600800.SH,渤海化学,BUY,59000,3.61,212990.0,,,09:30-10:00,预估买入价,3.61,2.13
2025-05-12 00:00:00,002436.SZ,兴森科技,SELL,17100,12.75,218025.0,跌破五日线,-1372.3700000000013,09:30-10:00,收盘价,12.75,2.18
2025-05-12 00:00:00,600743.SH,华远控股,SELL,117300,1.85,217005.0,跌破五日线,-4695.169999999978,09:30-10:00,收盘价,1.85,2.17
2025-05-13 09:34:00,000026.SZ,飞亚达,BUY,18900,11.47,216783.0,,,09:30-10:00,预估买入价,11.47,2.17
2025-05-15 10:23:00,002549.SZ,凯美特气,BUY,23000,9.59,220570.0,,,10:00-11:30,预估买入价,9.59,2.21
2025-05-15 00:00:00,603169.SH,兰石重装,SELL,29100,7.91,230181.0,炸板卖出,19201.550000000003,09:30-10:00,收盘价,7.91,2.3
2025-05-15 00:00:00,600800.SH,渤海化学,SELL,54300,3.6,195480.0,断板止盈,-547.0799999999884,09:30-10:00,收盘价,3.6,1.95
2025-05-15 00:00:00,000026.SZ,飞亚达,SELL,18700,11.25,210375.0,跌破五日线,-4118.270000000012,09:30-10:00,收盘价,11.25,2.1
2025-05-16 09:31:00,600644.SH,乐山电力,BUY,17700,12.37,218949.0,,,09:30-10:00,预估买入价,12.37,2.19
2025-05-16 09:31:00,603569.SH,长久物流,BUY,26400,8.3,219120.00000000003,,,09:30-10:00,预估买入价,8.3,2.19
2025-05-16 09:32:00,600370.SH,三房巷,BUY,104000,2.07,215279.99999999997,,,09:30-10:00,预估买入价,2.07,2.15
2025-05-19 00:00:00,603569.SH,长久物流,SELL,26900,8.22,221118.00000000003,跌破五日线,-2156.400000000002,09:30-10:00,收盘价,8.22,2.21
2025-05-20 09:31:00,603758.SH,秦安股份,BUY,16600,13.25,219950.0,,,09:30-10:00,预估买入价,13.25,2.2
2025-05-20 09:59:00,002915.SZ,中欣氟材,BUY,400,22.74,9096.0,,,09:30-10:00,预估买入价,22.74,1.0
2025-05-20 00:00:00,002549.SZ,凯美特气,SELL,22500,9.64,216900.0,跌破五日线,1120.6200000000158,10:00-11:30,收盘价,9.64,2.17
2025-05-20 00:00:00,600370.SH,三房巷,SELL,106400,2.03,215991.99999999997,跌破五日线,-4260.310000000003,09:30-10:00,收盘价,2.03,2.16
2025-05-21 09:31:00,002990.SZ,盛视科技,BUY,8000,27.95,223600.0,,,09:30-10:00,预估买入价,27.95,2.24
2025-05-21 09:31:00,600343.SH,航天动力,BUY,1400,12.94,18116.0,,,09:30-10:00,预估买入价,12.94,1.0
2025-05-21 09:36:00,603378.SH,亚士创能,BUY,100,6.68,668.0,,,09:30-10:00,预估买入价,6.68,1.0
2025-05-21 00:00:00,002255.SZ,海陆重工,SELL,22900,9.28,212511.99999999997,跌破五日线,-1378.2800000000116,09:30-10:00,收盘价,9.28,2.13
2025-05-21 00:00:00,603758.SH,秦安股份,SELL,16600,13.05,216630.0,跌破五日线,-3324.369999999988,09:30-10:00,收盘价,13.05,2.17
2025-05-21 00:00:00,002915.SZ,中欣氟材,SELL,10200,20.56,209712.0,跌破五日线,-22239.099999999995,09:30-10:00,收盘价,20.56,2.1
2025-05-22 09:31:00,002103.SZ,广博股份,BUY,22200,10.06,223332.0,,,09:30-10:00,预估买入价,10.06,2.23
2025-05-22 10:16:00,600505.SH,西昌电力,BUY,500,16.47,8235.0,,,10:00-11:30,预估买入价,16.47,1.0
2025-05-22 13:46:00,002570.SZ,贝因美,BUY,100,6.51,651.0,,,13:00-14:50,预估买入价,6.51,1.0
2025-05-22 00:00:00,600644.SH,乐山电力,SELL,14600,16.2,236520.0,断板止盈,55913.439999999995,09:30-10:00,收盘价,16.2,2.37
2025-05-22 00:00:00,600343.SH,航天动力,SELL,17900,11.81,211399.0,跌破五日线,-20230.109999999982,09:30-10:00,收盘价,11.81,2.11
2025-05-22 00:00:00,603378.SH,亚士创能,SELL,33000,6.54,215820.0,跌破五日线,-4623.159999999989,09:30-10:00,收盘价,6.54,2.16
2025-05-23 09:31:00,002580.SZ,圣阳股份,BUY,17400,13.22,230028.0,,,09:30-10:00,预估买入价,13.22,2.3
2025-05-23 00:00:00,002990.SZ,盛视科技,SELL,7400,30.13,222962.0,断板止盈,16127.529999999999,09:30-10:00,收盘价,30.13,2.23
2025-05-23 00:00:00,600505.SH,西昌电力,SELL,12700,15.82,200914.0,跌破五日线,-8258.009999999982,10:00-11:30,收盘价,15.82,2.01
2025-05-23 00:00:00,002570.SZ,贝因美,SELL,34500,6.35,219075.0,跌破五日线,-5523.190000000004,13:00-14:50,收盘价,6.35,2.19
2025-05-26 09:30:00,605033.SH,美邦股份,BUY,12100,18.6,225060.00000000003,,,09:30-10:00,开盘价,18.82,2.25
2025-05-26 09:33:00,600990.SH,四创电子,BUY,10000,22.53,225300.0,,,09:30-10:00,预估买入价,22.53,2.25
2025-05-27 09:36:00,002886.SZ,沃特股份,BUY,11400,19.94,227316.00000000003,,,09:30-10:00,预估买入价,19.94,2.27
2025-05-28 11:06:00,000838.SZ,财信发展,BUY,33700,2.53,85261.0,,,10:00-11:30,预估买入价,2.53,1.0
2025-05-28 00:00:00,002103.SZ,广博股份,SELL,19900,12.38,246362.00000000003,断板止盈,46163.310000000005,09:30-10:00,收盘价,12.38,2.46
2025-05-28 00:00:00,600990.SH,四创电子,SELL,9000,26.45,238050.0,断板止盈,35275.36999999999,09:30-10:00,收盘价,26.45,2.38
2025-05-29 09:30:00,002556.SZ,辉隆股份,BUY,45100,5.57,251207.0,,,09:30-10:00,开盘价,5.81,2.51
2025-05-29 09:30:00,003042.SZ,中农联合,BUY,700,17.0,11900.0,,,09:30-10:00,开盘价,17.11,1.0
2025-05-29 00:00:00,605033.SH,美邦股份,SELL,10800,21.34,230472.0,断板止盈,29587.449999999983,09:30-10:00,收盘价,21.34,2.3
2025-05-29 00:00:00,002886.SZ,沃特股份,SELL,12300,20.31,249812.99999999997,跌破五日线,4546.229999999968,09:30-10:00,收盘价,20.31,2.5
2025-05-30 09:30:00,002194.SZ,武汉凡谷,BUY,16500,15.23,251295.0,,,09:30-10:00,开盘价,15.23,2.51
2025-05-30 09:30:00,603777.SH,来伊份,BUY,1400,14.6,20440.0,,,09:30-10:00,开盘价,14.66,1.0
2025-05-30 00:00:00,000838.SZ,财信发展,SELL,95600,2.57,245691.99999999997,跌破五日线,3820.540000000003,10:00-11:30,收盘价,2.57,2.46
2025-05-30 00:00:00,002556.SZ,辉隆股份,SELL,43900,5.56,244083.99999999997,跌破五日线,-443.9500000000296,09:30-10:00,收盘价,5.56,2.44
2025-06-03 09:30:00,603767.SH,中马传动,BUY,15100,16.51,249301.00000000003,,,09:30-10:00,开盘价,17.16,2.49
2025-06-03 00:00:00,003042.SZ,中农联合,SELL,14400,17.36,249984.0,跌破五日线,5180.499999999992,09:30-10:00,收盘价,17.36,2.5
2025-06-03 00:00:00,002194.SZ,武汉凡谷,SELL,16400,16.15,264860.0,炸板卖出,15082.83999999997,09:30-10:00,收盘价,16.15,2.65
2025-06-04 09:30:00,002278.SZ,神开股份,BUY,28300,9.18,259794.0,,,09:30-10:00,开盘价,9.3,2.6
2025-06-04 09:30:00,600543.SH,莫高股份,BUY,45400,5.73,260142.00000000003,,,09:30-10:00,开盘价,5.84,2.6
2025-06-04 00:00:00,002580.SZ,圣阳股份,SELL,17000,15.68,266560.0,炸板卖出,41815.029999999984,09:30-10:00,收盘价,15.68,2.67
2025-06-04 00:00:00,603767.SH,中马传动,SELL,15100,16.88,254887.99999999997,跌破五日线,5581.959999999962,09:30-10:00,收盘价,16.88,2.55
2025-06-05 09:31:00,603127.SH,昭衍新药,BUY,13900,19.19,266741.0,,,09:30-10:00,预估买入价,19.19,2.67
2025-06-05 09:34:00,001277.SZ,速达股份,BUY,6000,44.38,266280.0,,,09:30-10:00,预估买入价,44.38,2.66
2025-06-05 09:36:00,001268.SZ,联合精密,BUY,900,23.42,21078.0,,,09:30-10:00,预估买入价,23.42,1.0
2025-06-05 00:00:00,002278.SZ,神开股份,SELL,27300,9.28,253343.99999999997,跌破五日线,2724.8699999999903,09:30-10:00,收盘价,9.28,2.53
2025-06-05 00:00:00,600543.SH,莫高股份,SELL,44700,5.73,256131.00000000003,跌破五日线,-5.16,09:30-10:00,收盘价,5.73,2.56
2025-06-06 09:32:00,603238.SH,诺邦股份,BUY,13900,17.5,243250.0,,,09:30-10:00,预估买入价,17.5,2.43
2025-06-06 00:00:00,603777.SH,来伊份,SELL,18100,14.23,257563.0,跌破五日线,-6700.579999999985,09:30-10:00,收盘价,14.23,2.58
2025-06-06 00:00:00,603127.SH,昭衍新药,SELL,13900,18.85,262015.00000000003,跌破五日线,-4731.289999999998,09:30-10:00,收盘价,18.85,2.62
2025-06-06 00:00:00,001277.SZ,速达股份,SELL,6300,43.06,271278.0,跌破五日线,-8321.37,09:30-10:00,收盘价,43.06,2.71
2025-06-10 09:34:00,605033.SH,美邦股份,BUY,12500,20.94,261750.00000000003,,,09:30-10:00,预估买入价,20.94,2.62
2025-06-10 09:36:00,600322.SH,津投城开,BUY,99700,2.65,264205.0,,,09:30-10:00,预估买入价,2.65,2.64
2025-06-10 10:09:00,600844.SH,丹化科技,BUY,79500,3.3,262350.0,,,10:00-11:30,预估买入价,3.3,2.62
2025-06-10 00:00:00,603238.SH,诺邦股份,SELL,14800,17.46,258408.0,跌破五日线,-597.0099999999874,09:30-10:00,收盘价,17.46,2.58
2025-06-11 09:30:00,002335.SZ,科华数据,BUY,5700,42.8,243959.99999999997,,,09:30-10:00,开盘价,43.5,2.44
2025-06-11 00:00:00,605033.SH,美邦股份,SELL,12700,20.27,257429.0,跌破五日线,-8514.190000000022,09:30-10:00,收盘价,20.27,2.57
2025-06-12 09:30:00,002040.SZ,南 京 港,BUY,23000,11.33,260590.0,,,09:30-10:00,开盘价,11.43,2.61
2025-06-12 09:30:00,002716.SZ,湖南白银,BUY,1700,3.91,6647.0,,,09:30-10:00,开盘价,3.95,1.0
2025-06-12 00:00:00,001268.SZ,联合精密,SELL,10600,24.34,258004.0,跌破五日线,9748.41999999998,09:30-10:00,收盘价,24.34,2.58
2025-06-12 00:00:00,600844.SH,丹化科技,SELL,78500,3.29,258265.0,跌破五日线,-790.1999999999833,10:00-11:30,收盘价,3.29,2.58
2025-06-12 00:00:00,002335.SZ,科华数据,SELL,6000,42.38,254280.00000000003,跌破五日线,-2524.9799999999677,09:30-10:00,收盘价,42.38,2.54
2025-06-13 09:43:00,002923.SZ,润都股份,BUY,18400,14.16,260544.0,,,09:30-10:00,预估买入价,14.16,2.61
2025-06-13 09:55:00,603725.SH,天安新材,BUY,32200,8.16,262752.0,,,09:30-10:00,预估买入价,8.16,2.63
2025-06-13 00:00:00,002040.SZ,南 京 港,SELL,22500,11.88,267300.0,炸板卖出,12369.720000000016,09:30-10:00,收盘价,11.88,2.67
2025-06-16 09:32:00,002366.SZ,融发核电,BUY,35900,7.35,263865.0,,,09:30-10:00,预估买入价,7.35,2.64
2025-06-16 14:00:00,003010.SZ,若羽臣,BUY,100,58.08,5808.0,,,13:00-14:50,预估买入价,58.07,1.0
2025-06-17 00:00:00,002923.SZ,润都股份,SELL,18500,13.7,253450.0,跌破五日线,-8515.140000000018,09:30-10:00,收盘价,13.7,2.53
2025-06-17 00:00:00,603725.SH,天安新材,SELL,32200,7.98,256956.0,跌破五日线,-5801.199999999991,09:30-10:00,收盘价,7.98,2.57
2025-06-18 13:58:00,603086.SH,先达股份,BUY,27100,10.04,272084.0,,,13:00-14:50,预估买入价,10.04,2.72
2025-06-18 00:00:00,600322.SH,津投城开,SELL,91200,2.81,256272.0,跌破五日线,14586.800000000014,09:30-10:00,收盘价,2.81,2.56
2025-06-18 00:00:00,002716.SZ,湖南白银,SELL,66600,4.19,279054.0,炸板卖出,18644.210000000017,09:30-10:00,收盘价,4.19,2.79
2025-06-18 00:00:00,002366.SZ,融发核电,SELL,31200,8.2,255839.99999999997,断板止盈,26514.79999999999,09:30-10:00,收盘价,8.2,2.56
2025-06-18 00:00:00,003010.SZ,若羽臣,SELL,4100,59.97,245877.0,跌破五日线,7745.540000000003,13:00-14:50,收盘价,59.98,2.46
2025-06-19 09:30:00,002190.SZ,成飞集成,BUY,7100,37.4,265540.0,,,09:30-10:00,开盘价,37.94,2.66
2025-06-19 09:32:00,002899.SZ,英派斯,BUY,11800,22.65,267270.0,,,09:30-10:00,预估买入价,22.65,2.67
2025-06-19 00:00:00,603086.SH,先达股份,SELL,27000,9.64,260280.00000000003,跌破五日线,-10805.319999999962,13:00-14:50,收盘价,9.64,2.6
2025-06-20 09:30:00,002537.SZ,海联金汇,BUY,29400,8.85,260190.0,,,09:30-10:00,开盘价,8.96,2.6
2025-06-20 09:30:00,605398.SH,新炬网络,BUY,8500,30.58,259930.0,,,09:30-10:00,开盘价,30.94,2.6
2025-06-20 09:31:00,603332.SH,苏州龙杰,BUY,14300,18.14,259402.0,,,09:30-10:00,预估买入价,18.14,2.59
2025-06-20 00:00:00,002190.SZ,成飞集成,SELL,7300,34.66,253017.99999999997,跌破五日线,-20007.190000000013,09:30-10:00,收盘价,34.66,2.53
2025-06-20 00:00:00,002899.SZ,英派斯,SELL,12200,21.57,263154.0,跌破五日线,-13181.29999999998,09:30-10:00,收盘价,21.57,2.63
2025-06-23 09:30:00,002855.SZ,捷荣技术,BUY,13500,18.13,244755.0,,,09:30-10:00,开盘价,18.93,2.45
2025-06-23 09:30:00,603685.SH,晨丰科技,BUY,17400,13.1,227940.0,,,09:30-10:00,开盘价,13.77,2.28
2025-06-23 00:00:00,605398.SH,新炬网络,SELL,9100,28.95,263445.0,跌破五日线,-14838.22999999999,09:30-10:00,收盘价,28.95,2.63
2025-06-23 00:00:00,603332.SH,苏州龙杰,SELL,15500,16.79,260245.0,跌破五日线,-20930.19000000002,09:30-10:00,收盘价,16.79,2.6
2025-06-24 00:00:00,002855.SZ,捷荣技术,SELL,13500,18.79,253665.0,跌破五日线,8905.01,09:30-10:00,收盘价,18.79,2.54
2025-06-24 00:00:00,603685.SH,晨丰科技,SELL,18300,13.54,247781.99999999997,跌破五日线,8047.239999999992,09:30-10:00,收盘价,13.54,2.48
2025-06-25 10:27:00,002657.SZ,中科金财,BUY,10100,26.21,264721.0,,,10:00-11:30,预估买入价,26.21,2.65
2025-06-26 09:42:00,603226.SH,菲林格尔,BUY,23000,12.06,277380.0,,,09:30-10:00,预估买入价,12.06,2.77
2025-06-26 00:00:00,002537.SZ,海联金汇,SELL,23300,11.08,258164.0,断板止盈,51953.82000000001,09:30-10:00,收盘价,11.08,2.58
2025-06-27 09:30:00,600604.SH,市北高新,BUY,53200,5.18,275576.0,,,09:30-10:00,开盘价,5.18,2.76
2025-06-27 09:30:00,603716.SH,塞力医疗,BUY,20300,13.54,274862.0,,,09:30-10:00,开盘价,13.61,2.75
2025-06-27 09:31:00,003026.SZ,中晶科技,BUY,7800,35.18,274404.0,,,09:30-10:00,预估买入价,35.18,2.74
2025-06-27 09:31:00,600590.SH,泰豪科技,BUY,700,9.26,6482.0,,,09:30-10:00,预估买入价,9.26,1.0
2025-06-27 09:31:00,600800.SH,渤海化学,BUY,100,4.16,416.0,,,09:30-10:00,预估买入价,4.16,1.0
2025-06-30 00:00:00,002657.SZ,中科金财,SELL,9400,27.94,262636.0,跌破五日线,16256.720000000005,10:00-11:30,收盘价,27.94,2.63
2025-07-01 00:00:00,600604.SH,市北高新,SELL,54100,5.02,271582.0,跌破五日线,-8661.480000000007,09:30-10:00,收盘价,5.02,2.72
2025-07-01 00:00:00,003026.SZ,中晶科技,SELL,7700,36.98,284746.0,炸板卖出,13854.409999999978,09:30-10:00,收盘价,36.98,2.85
2025-07-01 00:00:00,600590.SH,泰豪科技,SELL,28500,9.52,271320.0,跌破五日线,7406.289999999994,09:30-10:00,收盘价,9.52,2.71
2025-07-02 09:52:00,003031.SZ,中瓷电子,BUY,5400,52.51,283554.0,,,09:30-10:00,预估买入价,52.5,2.84
2025-07-02 00:00:00,603226.SH,菲林格尔,SELL,20900,12.89,269401.0,跌破五日线,17341.54,09:30-10:00,收盘价,12.89,2.69
2025-07-02 00:00:00,600800.SH,渤海化学,SELL,67200,4.13,277536.0,跌破五日线,-2019.7800000000168,09:30-10:00,收盘价,4.13,2.78
2025-07-03 09:31:00,002165.SZ,红 宝 丽,BUY,28900,10.08,291312.0,,,09:30-10:00,预估买入价,10.08,2.91
2025-07-04 09:30:00,603040.SH,新坐标,BUY,7200,41.51,298872.0,,,09:30-10:00,开盘价,41.83,2.99
2025-07-04 09:30:00,603127.SH,昭衍新药,BUY,13700,21.81,298797.0,,,09:30-10:00,开盘价,22.0,2.99
2025-07-04 00:00:00,003031.SZ,中瓷电子,SELL,5500,51.78,284790.0,跌破五日线,-4020.689999999983,09:30-10:00,收盘价,51.79,2.85
2025-07-04 00:00:00,002165.SZ,红 宝 丽,SELL,29000,9.86,285940.0,跌破五日线,-6385.770000000018,09:30-10:00,收盘价,9.86,2.86
2025-07-07 09:30:00,000670.SZ,盈方微,BUY,38300,7.85,300655.0,,,09:30-10:00,开盘价,7.85,3.01
2025-07-07 09:30:00,603823.SH,百合花,BUY,21200,14.09,298708.0,,,09:30-10:00,开盘价,14.56,2.99
2025-07-07 09:30:00,605006.SH,山东玻纤,BUY,100,7.66,766.0,,,09:30-10:00,开盘价,7.78,1.0
2025-07-07 00:00:00,603716.SH,塞力医疗,SELL,14200,22.53,319926.0,断板止盈,127652.05000000003,09:30-10:00,收盘价,22.53,3.2
2025-07-07 00:00:00,603040.SH,新坐标,SELL,7300,40.42,295066.0,跌破五日线,-7962.939999999972,09:30-10:00,收盘价,40.42,2.95
2025-07-08 09:30:00,000530.SZ,冰山冷热,BUY,44100,6.93,305613.0,,,09:30-10:00,开盘价,6.94,3.06
2025-07-08 00:00:00,603127.SH,昭衍新药,SELL,13300,24.75,329175.0,炸板卖出,39095.720000000016,09:30-10:00,收盘价,24.75,3.29
2025-07-08 00:00:00,603823.SH,百合花,SELL,21400,14.28,305592.0,跌破五日线,4059.94999999999,09:30-10:00,收盘价,14.28,3.06
2025-07-09 09:30:00,002093.SZ,国脉科技,BUY,23700,13.6,322320.0,,,09:30-10:00,开盘价,13.66,3.22
2025-07-09 09:30:00,605028.SH,世茂能源,BUY,15900,20.27,322293.0,,,09:30-10:00,开盘价,20.5,3.22
2025-07-09 00:00:00,000670.SZ,盈方微,SELL,39300,7.68,301824.0,跌破五日线,-6687.029999999998,09:30-10:00,收盘价,7.68,3.02
2025-07-09 00:00:00,605006.SH,山东玻纤,SELL,36300,8.68,315084.0,断板止盈,37021.849999999984,09:30-10:00,收盘价,8.68,3.15
2025-07-09 00:00:00,000530.SZ,冰山冷热,SELL,43000,6.93,297990.0,跌破五日线,-6.04,09:30-10:00,收盘价,6.93,2.98
2025-07-10 00:00:00,002093.SZ,国脉科技,SELL,23700,12.97,307389.0,跌破五日线,-14937.289999999975,09:30-10:00,收盘价,12.97,3.07
2025-07-10 00:00:00,605028.SH,世茂能源,SELL,14600,20.41,297986.0,跌破五日线,2037.8000000000081,09:30-10:00,收盘价,20.41,2.98
2025-07-11 09:30:00,603086.SH,先达股份,BUY,29100,10.77,313407.0,,,09:30-10:00,开盘价,11.11,3.13
2025-07-11 09:36:00,603081.SH,大丰实业,BUY,26600,11.78,313348.0,,,09:30-10:00,预估买入价,11.78,3.13
2025-07-14 00:00:00,603086.SH,先达股份,SELL,29800,10.54,314092.0,跌破五日线,-6860.270000000013,09:30-10:00,收盘价,10.54,3.14
2025-07-15 09:30:00,000819.SZ,岳阳兴长,BUY,17900,17.85,319515.0,,,09:30-10:00,开盘价,17.9,3.2
2025-07-15 09:31:00,003029.SZ,吉大正元,BUY,10400,30.59,318136.0,,,09:30-10:00,预估买入价,30.59,3.18
2025-07-15 09:32:00,002912.SZ,中新赛克,BUY,12400,25.84,320416.0,,,09:30-10:00,预估买入价,25.84,3.2
2025-07-15 09:34:00,600353.SH,旭光电子,BUY,22100,14.55,321555.0,,,09:30-10:00,预估买入价,14.55,3.22
2025-07-15 00:00:00,603081.SH,大丰实业,SELL,23800,13.51,321538.0,断板止盈,41167.65000000001,09:30-10:00,收盘价,13.51,3.22
2025-07-16 09:30:00,002628.SZ,成都路桥,BUY,65400,4.9,320460.0,,,09:30-10:00,开盘价,5.02,3.2
2025-07-16 09:30:00,002633.SZ,申科股份,BUY,1100,16.61,18271.0,,,09:30-10:00,开盘价,16.63,1.0
2025-07-16 09:31:00,002562.SZ,兄弟科技,BUY,200,6.26,1252.0,,,09:30-10:00,预估买入价,6.26,1.0
2025-07-17 00:00:00,003029.SZ,吉大正元,SELL,10600,30.08,318848.0,跌破五日线,-5412.370000000016,09:30-10:00,收盘价,30.08,3.19
2025-07-17 00:00:00,002912.SZ,中新赛克,SELL,11800,26.64,314352.0,跌破五日线,9433.660000000009,09:30-10:00,收盘价,26.64,3.14
2025-07-17 00:00:00,600353.SH,旭光电子,SELL,22200,14.49,321678.0,跌破五日线,-1338.4400000000112,09:30-10:00,收盘价,14.49,3.22
2025-07-18 09:38:00,603266.SH,天龙股份,BUY,16100,20.13,324093.0,,,09:30-10:00,预估买入价,20.13,3.24
2025-07-18 10:20:00,002995.SZ,天地在线,BUY,200,19.92,3984.0000000000005,,,10:00-11:30,预估买入价,19.92,1.0
2025-07-18 00:00:00,002562.SZ,兄弟科技,SELL,51300,6.22,319086.0,跌破五日线,-2056.190000000002,09:30-10:00,收盘价,6.22,3.19
2025-07-21 09:30:00,001339.SZ,智微智能,BUY,6000,52.02,312120.0,,,09:30-10:00,开盘价,53.41,3.12
2025-07-21 00:00:00,000819.SZ,岳阳兴长,SELL,17900,17.61,315219.0,跌破五日线,-4302.350000000035,09:30-10:00,收盘价,17.61,3.15
2025-07-22 09:30:00,002900.SZ,哈三联,BUY,1700,16.08,27335.999999999996,,,09:30-10:00,开盘价,16.17,1.0
2025-07-22 00:00:00,002628.SZ,成都路桥,SELL,59000,5.64,332760.0,断板止盈,43653.469999999965,09:30-10:00,收盘价,5.64,3.33
2025-07-22 00:00:00,603266.SH,天龙股份,SELL,16100,19.96,321356.0,跌破五日线,-2743.4499999999703,09:30-10:00,收盘价,19.96,3.21
2025-07-22 00:00:00,002995.SZ,天地在线,SELL,16200,19.78,320436.0,跌破五日线,-2272.200000000009,10:00-11:30,收盘价,19.78,3.2
2025-07-22 00:00:00,001339.SZ,智微智能,SELL,6000,52.3,313800.0,跌破五日线,1673.739999999964,09:30-10:00,收盘价,52.31,3.14
2025-07-23 09:30:00,600760.SH,中航沈飞,BUY,5000,65.08,325400.0,,,09:30-10:00,开盘价,65.69,3.25
2025-07-23 09:31:00,002067.SZ,景兴纸业,BUY,74500,4.4,327800.0,,,09:30-10:00,预估买入价,4.4,3.28
2025-07-23 09:33:00,000010.SZ,美丽生态,BUY,95200,3.45,328440.0,,,09:30-10:00,预估买入价,3.45,3.28
2025-07-23 10:13:00,603977.SH,国泰集团,BUY,300,13.28,3984.0,,,10:00-11:30,预估买入价,13.28,1.0
2025-07-23 00:00:00,002900.SZ,哈三联,SELL,20500,15.56,318980.0,跌破五日线,-10664.189999999955,09:30-10:00,收盘价,15.56,3.19
2025-07-24 00:00:00,600760.SH,中航沈飞,SELL,5200,63.63,330876.0,跌破五日线,-7546.559999999979,09:30-10:00,收盘价,63.64,3.31
2025-07-25 00:00:00,000010.SZ,美丽生态,SELL,94700,3.4,321980.0,跌破五日线,-4741.5000000000255,09:30-10:00,收盘价,3.4,3.22
2025-07-25 00:00:00,603977.SH,国泰集团,SELL,24700,12.81,316407.0,跌破五日线,-11613.159999999973,10:00-11:30,收盘价,12.81,3.16
2025-07-28 00:00:00,002633.SZ,申科股份,SELL,19200,16.65,319680.0,跌破五日线,763.7999999999836,09:30-10:00,收盘价,16.65,3.2
2025-07-29 09:31:00,603528.SH,多伦科技,BUY,37600,8.72,327872.0,,,09:30-10:00,预估买入价,8.72,3.28
2025-07-29 09:34:00,603725.SH,天安新材,BUY,35100,9.4,329940.0,,,09:30-10:00,预估买入价,9.4,3.3
2025-07-30 00:00:00,002067.SZ,景兴纸业,SELL,68800,4.49,308912.0,跌破五日线,6185.62999999999,09:30-10:00,收盘价,4.49,3.09
2025-07-30 00:00:00,603528.SH,多伦科技,SELL,37900,8.64,327456.0,跌破五日线,-3038.550000000003,09:30-10:00,收盘价,8.64,3.27
2025-07-31 09:33:00,600895.SH,张江高科,BUY,9900,32.59,322641.00000000006,,,09:30-10:00,预估买入价,32.59,3.23
2025-07-31 14:45:00,002975.SZ,博杰股份,BUY,8100,39.84,322704.0,,,13:00-14:50,预估买入价,39.84,3.23
2025-07-31 00:00:00,603725.SH,天安新材,SELL,34000,9.4,319600.0,跌破五日线,-6.5,09:30-10:00,收盘价,9.4,3.2
2025-08-01 09:30:00,002796.SZ,世嘉科技,BUY,24900,12.87,320463.0,,,09:30-10:00,开盘价,12.92,3.2
2025-08-01 09:30:00,600276.SH,恒瑞医药,BUY,5100,62.84,320484.0,,,09:30-10:00,开盘价,63.55,3.2
2025-08-04 00:00:00,600895.SH,张江高科,SELL,9900,32.15,318285.0,跌破五日线,-4362.410000000048,09:30-10:00,收盘价,32.15,3.18
2025-08-04 00:00:00,002796.SZ,世嘉科技,SELL,25000,12.69,317250.0,跌破五日线,-4506.369999999993,09:30-10:00,收盘价,12.69,3.17
2025-08-04 00:00:00,600276.SH,恒瑞医药,SELL,5200,61.99,322348.0,跌破五日线,-4426.420000000007,09:30-10:00,收盘价,62.0,3.22
2025-08-06 14:38:00,603757.SH,大元泵业,BUY,11800,27.32,322376.0,,,13:00-14:50,预估买入价,27.32,3.22
2025-08-07 09:43:00,002017.SZ,东信和平,BUY,12400,26.71,331204.0,,,09:30-10:00,预估买入价,26.71,3.31
2025-08-07 10:18:00,603176.SH,汇通集团,BUY,49800,6.75,336150.0,,,10:00-11:30,预估买入价,6.75,3.36
2025-08-07 00:00:00,002975.SZ,博杰股份,SELL,7100,49.1,348610.0,断板止盈,65739.27999999998,13:00-14:50,收盘价,49.1,3.49
2025-08-08 09:30:00,605298.SH,必得科技,BUY,19900,17.27,343673.0,,,09:30-10:00,开盘价,17.37,3.44
2025-08-08 09:31:00,002331.SZ,皖通科技,BUY,39200,8.79,344567.99999999994,,,09:30-10:00,预估买入价,8.79,3.45
2025-08-08 09:31:00,600879.SH,航天电子,BUY,1900,11.17,21223.0,,,09:30-10:00,预估买入价,11.17,1.0
2025-08-08 00:00:00,002017.SZ,东信和平,SELL,11200,28.96,324352.0,断板止盈,25193.449999999997,09:30-10:00,收盘价,28.96,3.24
2025-08-11 09:30:00,000980.SZ,众泰汽车,BUY,14800,2.35,34780.0,,,09:30-10:00,开盘价,2.35,1.0
2025-08-11 00:00:00,603176.SH,汇通集团,SELL,47000,7.33,344510.0,断板止盈,27253.190000000002,10:00-11:30,收盘价,7.33,3.45
2025-08-12 00:00:00,002331.SZ,皖通科技,SELL,38400,9.26,355584.0,断板止盈,18040.990000000023,09:30-10:00,收盘价,9.26,3.56
2025-08-12 00:00:00,600879.SH,航天电子,SELL,30400,11.27,342608.0,跌破五日线,3035.5699999999892,09:30-10:00,收盘价,11.27,3.43
2025-08-13 09:31:00,002072.SZ,凯瑞德,BUY,53200,7.57,402724.0,,,09:30-10:00,预估买入价,7.57,4.03
2025-08-13 09:33:00,002354.SZ,天娱数科,BUY,51600,7.76,400416.0,,,09:30-10:00,预估买入价,7.76,4.0
2025-08-14 00:00:00,605298.SH,必得科技,SELL,17000,22.97,390490.0,断板止盈,96892.65999999999,09:30-10:00,收盘价,22.97,3.9
2025-08-14 00:00:00,002072.SZ,凯瑞德,SELL,53900,7.28,392392.0,跌破五日线,-15638.950000000003,09:30-10:00,收盘价,7.28,3.92
2025-08-14 00:00:00,002354.SZ,天娱数科,SELL,51900,7.38,383022.0,跌破五日线,-19729.829999999994,09:30-10:00,收盘价,7.38,3.83
2025-08-15 09:30:00,000628.SZ,高新发展,BUY,7800,50.89,396942.0,,,09:30-10:00,开盘价,52.21,3.97
2025-08-15 09:30:00,002364.SZ,中恒电气,BUY,21300,18.77,399801.0,,,09:30-10:00,开盘价,18.96,4.0
2025-08-15 09:30:00,603186.SH,华正新材,BUY,10700,35.58,380706.0,,,09:30-10:00,开盘价,36.23,3.81
2025-08-18 09:31:00,003029.SZ,吉大正元,BUY,3800,28.43,108034.0,,,09:30-10:00,预估买入价,28.43,1.08
2025-08-19 00:00:00,603757.SH,大元泵业,SELL,8600,46.67,401362.0,断板止盈,166402.77,13:00-14:50,收盘价,46.67,4.01
2025-08-19 00:00:00,000980.SZ,众泰汽车,SELL,165700,2.39,396023.0,跌破五日线,6623.040000000005,09:30-10:00,收盘价,2.39,3.96
2025-08-19 00:00:00,000628.SZ,高新发展,SELL,7800,57.24,446472.0,断板止盈,49521.570000000014,09:30-10:00,收盘价,57.25,4.46
2025-08-20 09:30:00,002342.SZ,巨力索具,BUY,52200,8.68,453096.0,,,09:30-10:00,开盘价,8.91,4.53
2025-08-20 09:31:00,000892.SZ,欢瑞世纪,BUY,87900,5.15,452685.00000000006,,,09:30-10:00,预估买入价,5.15,4.53
2025-08-20 09:39:00,601798.SH,蓝科高新,BUY,3100,10.63,32953.0,,,09:30-10:00,预估买入价,10.63,1.0
2025-08-20 00:00:00,002364.SZ,中恒电气,SELL,18100,22.47,406707.0,断板止盈,66961.92999999998,09:30-10:00,收盘价,22.47,4.07
2025-08-20 00:00:00,603186.SH,华正新材,SELL,10500,41.25,433125.0,断板止盈,59526.860000000015,09:30-10:00,收盘价,41.25,4.33
2025-08-20 00:00:00,003029.SZ,吉大正元,SELL,15700,28.52,447764.0,跌破五日线,1407.4399999999978,09:30-10:00,收盘价,28.52,4.48
2025-08-21 09:30:00,002551.SZ,尚荣医疗,BUY,89900,4.93,443207.0,,,09:30-10:00,开盘价,5.05,4.43
2025-08-21 09:30:00,003033.SZ,征和工业,BUY,8700,50.41,438566.99999999994,,,09:30-10:00,开盘价,50.78,4.39
2025-08-21 00:00:00,000892.SZ,欢瑞世纪,SELL,86900,5.09,442321.0,跌破五日线,-5222.9500000000435,09:30-10:00,收盘价,5.09,4.42
2025-08-22 09:30:00,000796.SZ,凯撒旅业,BUY,81600,5.38,439008.0,,,09:30-10:00,开盘价,5.42,4.39
2025-08-22 09:30:00,002708.SZ,光洋股份,BUY,200,12.89,2578.0,,,09:30-10:00,开盘价,12.9,1.0
2025-08-22 00:00:00,002342.SZ,巨力索具,SELL,49400,8.68,428792.0,跌破五日线,-8.82,09:30-10:00,收盘价,8.68,4.29
2025-08-22 00:00:00,002551.SZ,尚荣医疗,SELL,94600,4.63,437998.0,跌破五日线,-28388.809999999983,09:30-10:00,收盘价,4.63,4.38
2025-08-22 00:00:00,003033.SZ,征和工业,SELL,8700,47.94,417078.0,跌破五日线,-21497.559999999987,09:30-10:00,收盘价,47.94,4.17
2025-08-25 09:30:00,600805.SH,悦达投资,BUY,72800,5.97,434616.0,,,09:30-10:00,开盘价,6.07,4.35
2025-08-25 00:00:00,601798.SH,蓝科高新,SELL,40200,10.36,416472.0,跌破五日线,-10859.160000000054,09:30-10:00,收盘价,10.36,4.16
2025-08-25 00:00:00,000796.SZ,凯撒旅业,SELL,81800,5.26,430268.0,跌破五日线,-9824.690000000008,09:30-10:00,收盘价,5.26,4.3
2025-08-26 09:31:00,600104.SH,上汽集团,BUY,21100,20.34,429174.0,,,09:30-10:00,预估买入价,20.34,4.29
2025-08-26 09:44:00,603031.SH,安孚科技,BUY,11000,38.81,426910.0,,,09:30-10:00,预估买入价,38.81,4.27
2025-08-26 00:00:00,600805.SH,悦达投资,SELL,73400,5.86,430124.0,跌破五日线,-8082.649999999959,09:30-10:00,收盘价,5.86,4.3
2025-08-27 00:00:00,002708.SZ,光洋股份,SELL,32900,12.56,413224.0,跌破五日线,-10862.130000000001,09:30-10:00,收盘价,12.56,4.13
2025-08-27 00:00:00,600104.SH,上汽集团,SELL,22000,18.91,416020.0,跌破五日线,-31468.449999999993,09:30-10:00,收盘价,18.91,4.16
2025-08-27 00:00:00,603031.SH,安孚科技,SELL,11600,37.59,436044.00000000006,跌破五日线,-14160.629999999988,09:30-10:00,收盘价,37.59,4.36
2025-08-28 09:30:00,000818.SZ,航锦科技,BUY,15500,26.72,414160.0,,,09:30-10:00,开盘价,27.03,4.14
2025-08-28 09:31:00,002290.SZ,禾盛新材,BUY,11800,35.24,415832.0,,,09:30-10:00,预估买入价,35.24,4.16
2025-08-28 13:30:00,002555.SZ,三七互娱,BUY,21900,19.01,416319.00000000006,,,13:00-14:50,预估买入价,19.01,4.16
2025-08-29 09:32:00,002918.SZ,蒙娜丽莎,BUY,32000,13.12,419840.0,,,09:30-10:00,预估买入价,13.12,4.2
2025-08-29 09:32:00,603615.SH,茶花股份,BUY,16300,25.88,421844.0,,,09:30-10:00,预估买入价,25.88,4.22
2025-08-29 00:00:00,000818.SZ,航锦科技,SELL,15800,25.56,403848.0,跌破五日线,-18336.180000000004,09:30-10:00,收盘价,25.56,4.04
2025-09-01 09:30:00,605100.SH,华丰股份,BUY,14000,27.81,389340.0,,,09:30-10:00,开盘价,27.95,3.89
2025-09-01 00:00:00,002290.SZ,禾盛新材,SELL,11700,34.18,399906.0,跌破五日线,-12410.160000000027,09:30-10:00,收盘价,34.18,4.0
2025-09-02 09:52:00,601606.SH,长城军工,BUY,6100,67.92,414312.0,,,09:30-10:00,预估买入价,67.91,4.14
2025-09-02 10:54:00,600545.SH,卓郎智能,BUY,6100,2.88,17568.0,,,10:00-11:30,预估买入价,2.88,1.0
2025-09-02 00:00:00,002555.SZ,三七互娱,SELL,21100,19.3,407230.0,跌破五日线,6110.769999999982,13:00-14:50,收盘价,19.3,4.07
2025-09-02 00:00:00,002918.SZ,蒙娜丽莎,SELL,31100,13.01,404611.0,跌破五日线,-3429.2499999999823,09:30-10:00,收盘价,13.01,4.05
2025-09-02 00:00:00,603615.SH,茶花股份,SELL,15600,26.14,407784.0,跌破五日线,4047.700000000025,09:30-10:00,收盘价,26.14,4.08
2025-09-02 00:00:00,605100.SH,华丰股份,SELL,14700,26.86,394842.0,跌破五日线,-13972.83999999999,09:30-10:00,收盘价,26.86,3.95
2025-09-03 11:05:00,601958.SH,金钼股份,BUY,25200,16.4,413279.99999999994,,,10:00-11:30,预估买入价,16.4,4.13
2025-09-03 13:06:00,002716.SZ,湖南白银,BUY,70000,5.99,419300.0,,,13:00-14:50,预估买入价,5.99,4.19
2025-09-03 13:38:00,001222.SZ,源飞宠物,BUY,16100,25.99,418439.0,,,13:00-14:50,预估买入价,25.99,4.18
2025-09-03 00:00:00,601606.SH,长城军工,SELL,5700,65.17,371469.0,跌破五日线,-15682.849999999999,09:30-10:00,收盘价,65.18,3.71
2025-09-04 09:30:00,605055.SH,迎丰股份,BUY,51500,7.65,393975.0,,,09:30-10:00,开盘价,8.05,3.94
2025-09-04 09:31:00,600400.SH,红豆股份,BUY,100,2.6,260.0,,,09:30-10:00,预估买入价,2.6,1.0
2025-09-04 00:00:00,600545.SH,卓郎智能,SELL,132100,2.95,389695.0,断板止盈,9242.100000000039,10:00-11:30,收盘价,2.95,3.9
2025-09-04 00:00:00,601958.SH,金钼股份,SELL,25700,15.45,397065.0,跌破五日线,-24423.099999999984,10:00-11:30,收盘价,15.45,3.97
2025-09-04 00:00:00,002716.SZ,湖南白银,SELL,69800,5.78,403444.0,跌破五日线,-14666.22,13:00-14:50,收盘价,5.78,4.03
2025-09-05 09:30:00,605050.SH,福然德,BUY,23200,17.22,399504.0,,,09:30-10:00,开盘价,17.29,4.0
2025-09-05 00:00:00,605055.SH,迎丰股份,SELL,53000,7.68,407040.0,跌破五日线,1581.9899999999661,09:30-10:00,收盘价,7.68,4.07
2025-09-05 00:00:00,600400.SH,红豆股份,SELL,154500,2.56,395520.0,跌破五日线,-6184.9600000000055,09:30-10:00,收盘价,2.56,3.96
2025-09-08 09:31:00,002426.SZ,胜利精密,BUY,108700,3.77,409799.0,,,09:30-10:00,预估买入价,3.77,4.1
2025-09-09 09:30:00,603127.SH,昭衍新药,BUY,12300,33.66,414017.99999999994,,,09:30-10:00,开盘价,33.81,4.14
2025-09-09 09:31:00,002796.SZ,世嘉科技,BUY,26800,15.53,416204.0,,,09:30-10:00,预估买入价,15.53,4.16
2025-09-09 11:19:00,002534.SZ,西子洁能,BUY,2300,13.73,31579.0,,,10:00-11:30,预估买入价,13.73,1.0
2025-09-09 00:00:00,001222.SZ,源飞宠物,SELL,15100,28.82,435182.0,炸板卖出,42724.47000000003,13:00-14:50,收盘价,28.82,4.35
2025-09-09 00:00:00,605050.SH,福然德,SELL,20400,20.45,417180.0,断板止盈,65883.83000000002,09:30-10:00,收盘价,20.45,4.17
2025-09-09 00:00:00,002426.SZ,胜利精密,SELL,107100,3.68,394128.0,跌破五日线,-9647.039999999986,09:30-10:00,收盘价,3.68,3.94
2025-09-10 09:30:00,603863.SH,松炀资源,BUY,21300,19.64,418332.0,,,09:30-10:00,开盘价,19.86,4.18
2025-09-10 09:37:00,603657.SH,春光科技,BUY,9200,43.73,402316.0,,,09:30-10:00,预估买入价,43.73,4.02
2025-09-10 00:00:00,002796.SZ,世嘉科技,SELL,27600,16.05,442980.0,炸板卖出,14343.410000000036,09:30-10:00,收盘价,16.05,4.43
2025-09-11 09:30:00,000962.SZ,东方钽业,BUY,19100,22.81,435671.0,,,09:30-10:00,开盘价,23.21,4.36
2025-09-11 09:30:00,002859.SZ,洁美科技,BUY,2000,31.3,62600.0,,,09:30-10:00,开盘价,31.84,1.0
2025-09-11 00:00:00,603127.SH,昭衍新药,SELL,12000,34.42,413040.0,断板止盈,9111.730000000063,09:30-10:00,收盘价,34.42,4.13
2025-09-11 00:00:00,603657.SH,春光科技,SELL,9500,42.48,403559.99999999994,跌破五日线,-11883.060000000001,09:30-10:00,收盘价,42.48,4.04
2025-09-12 09:49:00,603286.SH,日盈电子,BUY,12200,35.6,434320.0,,,09:30-10:00,预估买入价,35.6,4.34
2025-09-12 11:00:00,603656.SH,泰禾智能,BUY,900,22.1,19890.0,,,10:00-11:30,预估买入价,22.1,1.0
2025-09-12 14:40:00,002467.SZ,二六三,BUY,100,7.28,728.0,,,13:00-14:50,预估买入价,7.28,1.0
2025-09-12 00:00:00,603863.SH,松炀资源,SELL,20500,22.21,455305.0,炸板卖出,52676.270000000004,09:30-10:00,收盘价,22.21,4.55
2025-09-15 09:30:00,002276.SZ,万马股份,BUY,1900,17.46,33174.0,,,09:30-10:00,开盘价,17.72,1.0
2025-09-15 00:00:00,603286.SH,日盈电子,SELL,12500,35.16,439499.99999999994,跌破五日线,-5508.7300000000605,09:30-10:00,收盘价,35.16,4.39
2025-09-15 00:00:00,002467.SZ,二六三,SELL,100,7.07,707.0,跌破五日线,-22.999999999999996,13:00-14:50,收盘价,7.07,1.0
2025-09-16 00:00:00,603656.SH,泰禾智能,SELL,20200,21.9,442380.0,跌破五日线,-4045.4200000000574,10:00-11:30,收盘价,21.9,4.42
2025-09-17 09:30:00,600071.SH,凤凰光学,BUY,19200,23.65,454080.0,,,09:30-10:00,开盘价,23.7,4.54
2025-09-17 09:31:00,002130.SZ,沃尔核材,BUY,800,27.1,21680.0,,,09:30-10:00,预估买入价,27.1,1.0
2025-09-17 00:00:00,000962.SZ,东方钽业,SELL,18500,24.05,444925.0,跌破五日线,22931.190000000035,09:30-10:00,收盘价,24.05,4.45
2025-09-18 09:50:00,603950.SH,长源东谷,BUY,11200,36.31,406672.0,,,09:30-10:00,预估买入价,36.31,4.07
2025-09-18 00:00:00,002534.SZ,西子洁能,SELL,30100,14.76,444276.0,跌破五日线,30997.559999999983,10:00-11:30,收盘价,14.76,4.44
2025-09-18 00:00:00,002859.SZ,洁美科技,SELL,13900,32.22,447858.0,跌破五日线,12782.519999999975,09:30-10:00,收盘价,32.22,4.48
2025-09-18 00:00:00,600071.SH,凤凰光学,SELL,19200,23.15,444480.0,跌破五日线,-9608.980000000001,09:30-10:00,收盘价,23.15,4.44
2025-09-19 09:30:00,002196.SZ,方正电机,BUY,43100,10.34,445654.0,,,09:30-10:00,开盘价,10.56,4.46
2025-09-19 09:30:00,003033.SZ,征和工业,BUY,8500,51.71,439535.0,,,09:30-10:00,开盘价,52.47,4.4
2025-09-19 09:45:00,002245.SZ,蔚蓝锂芯,BUY,100,19.35,1935.0000000000002,,,09:30-10:00,预估买入价,19.35,1.0
2025-09-19 00:00:00,002130.SZ,沃尔核材,SELL,16300,26.72,435536.0,跌破五日线,-6199.3600000000415,09:30-10:00,收盘价,26.72,4.36
2025-09-19 00:00:00,603950.SH,长源东谷,SELL,12200,35.49,432978.0,跌破五日线,-10012.400000000003,09:30-10:00,收盘价,35.49,4.33
2025-09-22 09:30:00,002272.SZ,川润股份,BUY,24200,17.99,435357.99999999994,,,09:30-10:00,开盘价,18.12,4.35
2025-09-22 00:00:00,002196.SZ,方正电机,SELL,45200,9.79,442507.99999999994,跌破五日线,-24868.890000000032,09:30-10:00,收盘价,9.79,4.43
2025-09-23 09:33:00,002303.SZ,美盈森,BUY,97700,4.64,453327.99999999994,,,09:30-10:00,预估买入价,4.64,4.53
2025-09-23 00:00:00,002276.SZ,万马股份,SELL,21600,20.57,444312.0,断板止盈,67170.55999999998,09:30-10:00,收盘价,20.57,4.44
2025-09-24 00:00:00,002245.SZ,蔚蓝锂芯,SELL,22400,21.45,480480.0,炸板卖出,47034.199999999946,09:30-10:00,收盘价,21.45,4.8
2025-09-24 00:00:00,002272.SZ,川润股份,SELL,23400,18.45,431730.0,跌破五日线,10755.33000000002,09:30-10:00,收盘价,18.45,4.32
2025-09-24 00:00:00,002303.SZ,美盈森,SELL,97700,4.57,446489.0,跌破五日线,-6847.989999999941,09:30-10:00,收盘价,4.57,4.46
2025-09-25 09:30:00,002060.SZ,广东建工,BUY,114800,4.01,460348.0,,,09:30-10:00,开盘价,4.09,4.6
2025-09-25 09:30:00,002515.SZ,金字火腿,BUY,62200,7.39,459658.0,,,09:30-10:00,开盘价,7.65,4.6
2025-09-25 09:30:00,600798.SH,宁波海运,BUY,107300,4.29,460317.0,,,09:30-10:00,开盘价,4.3,4.6
2025-09-25 11:18:00,002785.SZ,万里石,BUY,14100,32.63,460083.00000000006,,,10:00-11:30,预估买入价,32.63,4.6
2025-09-25 00:00:00,003033.SZ,征和工业,SELL,8600,56.52,486072.0,炸板卖出,41356.74000000002,09:30-10:00,收盘价,56.53,4.86
2025-09-26 09:30:00,000603.SZ,盛达资源,BUY,18500,22.57,417545.0,,,09:30-10:00,开盘价,22.79,4.18
2025-09-26 09:30:00,600103.SH,青山纸业,BUY,400,3.92,1568.0,,,09:30-10:00,开盘价,3.94,1.0
2025-09-26 00:00:00,002060.SZ,广东建工,SELL,118300,3.81,450723.0,跌破五日线,-23669.109999999964,09:30-10:00,收盘价,3.81,4.51
2025-09-26 00:00:00,002515.SZ,金字火腿,SELL,61800,8.07,498726.0,炸板卖出,42014.41000000004,09:30-10:00,收盘价,8.07,4.99
2025-09-26 00:00:00,600798.SH,宁波海运,SELL,112600,4.0,450400.0,跌破五日线,-32663.100000000002,09:30-10:00,收盘价,4.0,4.5
2025-09-26 00:00:00,002785.SZ,万里石,SELL,15300,30.37,464661.0,跌破五日线,-34587.25000000002,10:00-11:30,收盘价,30.37,4.65
2025-09-29 09:30:00,605060.SH,联德股份,BUY,16200,28.39,459918.0,,,09:30-10:00,开盘价,29.55,4.6
2025-09-29 09:31:00,002130.SZ,沃尔核材,BUY,14100,32.72,461352.0,,,09:30-10:00,预估买入价,32.72,4.61
2025-09-29 09:31:00,603035.SH,常熟汽饰,BUY,25200,18.28,460656.0,,,09:30-10:00,预估买入价,18.28,4.61
2025-09-29 00:00:00,600103.SH,青山纸业,SELL,124700,3.8,473860.0,昨日跌停止损,-14969.740000000013,09:30-10:00,收盘价,3.8,4.74
2025-09-30 09:30:00,001209.SZ,洪兴股份,BUY,23600,19.88,469168.0,,,09:30-10:00,开盘价,19.96,4.69
2025-09-30 00:00:00,000603.SZ,盛达资源,SELL,18300,26.44,483852.0,断板止盈,70811.98000000003,09:30-10:00,收盘价,26.44,4.84
2025-09-30 00:00:00,605060.SH,联德股份,SELL,16300,27.95,455585.0,跌破五日线,-7181.160000000022,09:30-10:00,收盘价,27.95,4.56
2025-09-30 00:00:00,002130.SZ,沃尔核材,SELL,15100,30.51,460701.0,跌破五日线,-33380.21999999996,09:30-10:00,收盘价,30.51,4.61
2025-09-30 00:00:00,603035.SH,常熟汽饰,SELL,25500,17.61,449055.0,跌破五日线,-17094.100000000046,09:30-10:00,收盘价,17.61,4.49
2025-10-09 09:46:00,605588.SH,冠石科技,BUY,7600,59.43,451668.0,,,09:30-10:00,预估买入价,59.42,4.52
2025-10-09 00:00:00,001209.SZ,洪兴股份,SELL,24600,18.48,454608.0,跌破五日线,-34449.23999999997,09:30-10:00,收盘价,18.48,4.55
2025-10-10 09:30:00,001226.SZ,拓山重工,BUY,10600,42.98,455587.99999999994,,,09:30-10:00,开盘价,43.12,4.56
2025-10-10 09:31:00,603421.SH,鼎信通讯,BUY,58100,7.83,454923.0,,,09:30-10:00,预估买入价,7.83,4.55
2025-10-13 09:30:00,000571.SZ,新大洲A,BUY,85900,5.25,450975.0,,,09:30-10:00,开盘价,5.43,4.51
2025-10-13 09:30:00,000655.SZ,金岭矿业,BUY,48700,9.25,450475.0,,,09:30-10:00,开盘价,9.58,4.5
2025-10-13 09:30:00,000681.SZ,视觉中国,BUY,1600,22.01,35216.0,,,09:30-10:00,开盘价,22.01,1.0
2025-10-13 09:30:00,002307.SZ,北新路桥,BUY,200,4.8,960.0,,,09:30-10:00,开盘价,4.83,1.0
2025-10-13 00:00:00,001226.SZ,拓山重工,SELL,10900,40.8,444719.99999999994,跌破五日线,-23771.01,09:30-10:00,收盘价,40.8,4.45
2025-10-14 09:36:00,002985.SZ,北摩高科,BUY,3700,30.89,114293.0,,,09:30-10:00,预估买入价,30.89,1.14
2025-10-14 00:00:00,605588.SH,冠石科技,SELL,7000,63.99,447930.0,断板止盈,31911.000000000015,09:30-10:00,收盘价,64.0,4.48
2025-10-14 00:00:00,000571.SZ,新大洲A,SELL,80500,5.88,473340.0,炸板卖出,50705.75999999999,09:30-10:00,收盘价,5.88,4.73
2025-10-15 09:30:00,000777.SZ,中核科技,BUY,16600,21.26,352916.0,,,09:30-10:00,开盘价,21.69,3.53
2025-10-15 09:42:00,002735.SZ,王子新材,BUY,100,16.58,1657.9999999999998,,,09:30-10:00,预估买入价,16.58,1.0
2025-10-15 00:00:00,603421.SH,鼎信通讯,SELL,57700,8.16,470832.0,跌破五日线,19031.740000000005,09:30-10:00,收盘价,8.16,4.71
2025-10-16 09:30:00,605169.SH,洪通燃气,BUY,2100,16.8,35280.0,,,09:30-10:00,开盘价,17.21,1.0
2025-10-16 00:00:00,000655.SZ,金岭矿业,SELL,48800,9.55,466040.00000000006,跌破五日线,14630.840000000035,09:30-10:00,收盘价,9.55,4.66
2025-10-16 00:00:00,002307.SZ,北新路桥,SELL,93400,4.98,465132.00000000006,跌破五日线,16806.350000000057,09:30-10:00,收盘价,4.98,4.65
2025-10-16 00:00:00,002985.SZ,北摩高科,SELL,15100,31.01,468251.0,跌破五日线,1806.1800000000148,09:30-10:00,收盘价,31.01,4.68
2025-10-16 00:00:00,000777.SZ,中核科技,SELL,21700,21.07,457219.0,跌破五日线,-4131.100000000028,09:30-10:00,收盘价,21.07,4.57
2025-10-16 00:00:00,002735.SZ,王子新材,SELL,100,16.52,1652.0,跌破五日线,-7.999999999999872,09:30-10:00,收盘价,16.52,1.0
2025-10-17 09:30:00,002701.SZ,奥瑞金,BUY,73500,6.41,471135.0,,,09:30-10:00,开盘价,6.45,4.71
2025-10-17 09:40:00,002436.SZ,兴森科技,BUY,23000,20.41,469430.0,,,09:30-10:00,预估买入价,20.41,4.69
2025-10-17 09:45:00,603861.SH,白云电器,BUY,40500,11.66,472230.0,,,09:30-10:00,预估买入价,11.66,4.72
2025-10-17 10:07:00,603222.SH,济民健康,BUY,600,10.81,6486.0,,,10:00-11:30,预估买入价,10.81,1.0
2025-10-17 00:00:00,000681.SZ,视觉中国,SELL,19100,22.29,425739.0,跌破五日线,5342.739999999953,09:30-10:00,收盘价,22.29,4.26
2025-10-17 00:00:00,605169.SH,洪通燃气,SELL,28800,16.75,482400.0,跌破五日线,-1445.8200000000204,09:30-10:00,收盘价,16.75,4.82
2025-10-20 09:44:00,002793.SZ,罗欣药业,BUY,83000,5.38,446540.0,,,09:30-10:00,预估买入价,5.38,4.47
2025-10-20 00:00:00,002701.SZ,奥瑞金,SELL,74300,6.11,453973.0,跌破五日线,-22299.249999999985,09:30-10:00,收盘价,6.11,4.54
2025-10-20 00:00:00,002436.SZ,兴森科技,SELL,24000,19.48,467520.0,跌破五日线,-22329.36999999999,09:30-10:00,收盘价,19.48,4.68
2025-10-20 00:00:00,603222.SH,济民健康,SELL,44800,10.43,467264.0,跌破五日线,-17029.670000000035,10:00-11:30,收盘价,10.43,4.67
2025-10-21 09:30:00,002940.SZ,昂利康,BUY,11300,41.5,468950.0,,,09:30-10:00,开盘价,42.96,4.69
2025-10-21 09:37:00,605303.SH,园林股份,BUY,25500,18.45,470475.0,,,09:30-10:00,预估买入价,18.45,4.7
2025-10-21 00:00:00,603861.SH,白云电器,SELL,34400,12.79,439975.99999999994,断板止盈,38862.87999999996,09:30-10:00,收盘价,12.79,4.4
2025-10-22 09:31:00,600173.SH,卧龙新能,BUY,46500,9.99,464535.0,,,09:30-10:00,预估买入价,9.99,4.65
2025-10-22 09:32:00,600192.SH,长城电工,BUY,45200,9.86,445672.0,,,09:30-10:00,预估买入价,9.86,4.46
2025-10-23 09:30:00,000905.SZ,厦门港务,BUY,3000,9.74,29220.0,,,09:30-10:00,开盘价,9.78,1.0
2025-10-23 00:00:00,002793.SZ,罗欣药业,SELL,85400,5.49,468846.0,跌破五日线,9384.840000000027,09:30-10:00,收盘价,5.49,4.69
2025-10-23 00:00:00,002940.SZ,昂利康,SELL,11000,40.31,443410.0,断板止盈,-13099.119999999975,09:30-10:00,收盘价,40.31,4.43
2025-10-23 00:00:00,600173.SH,卧龙新能,SELL,49000,9.1,445900.0,跌破五日线,-43619.11000000003,09:30-10:00,收盘价,9.1,4.46
2025-10-24 09:30:00,001330.SZ,博纳影业,BUY,75700,6.12,463284.0,,,09:30-10:00,开盘价,6.22,4.63
2025-10-24 09:31:00,002861.SZ,瀛通通讯,BUY,23500,19.6,460600.00000000006,,,09:30-10:00,预估买入价,19.6,4.61
2025-10-24 00:00:00,605303.SH,园林股份,SELL,24100,18.33,441752.99999999994,跌破五日线,-2901.120000000024,09:30-10:00,收盘价,18.33,4.42
2025-10-24 00:00:00,600192.SH,长城电工,SELL,46300,9.92,459296.0,跌破五日线,2768.950000000023,09:30-10:00,收盘价,9.92,4.59
2025-10-27 10:01:00,002733.SZ,雄韬股份,BUY,21500,21.62,464830.0,,,10:00-11:30,预估买入价,21.62,4.65
2025-10-28 09:31:00,002546.SZ,新联电子,BUY,63600,7.13,453468.0,,,09:30-10:00,预估买入价,7.13,4.53
2025-10-29 10:26:00,600376.SH,首开股份,BUY,8400,6.87,57708.0,,,10:00-11:30,预估买入价,6.87,1.0
2025-10-29 00:00:00,000905.SZ,厦门港务,SELL,40700,11.07,450549.0,断板止盈,54125.49,09:30-10:00,收盘价,11.07,4.51
2025-10-29 00:00:00,002861.SZ,瀛通通讯,SELL,23000,19.88,457240.0,跌破五日线,6430.819999999945,09:30-10:00,收盘价,19.88,4.57
2025-10-30 09:30:00,001223.SZ,欧克科技,BUY,8500,55.22,469370.0,,,09:30-10:00,开盘价,56.55,4.69
2025-10-30 09:30:00,600855.SH,航天长峰,BUY,600,15.2,9120.0,,,09:30-10:00,开盘价,15.47,1.0
2025-10-30 09:33:00,600658.SH,电子城,BUY,100,6.19,619.0,,,09:30-10:00,预估买入价,6.19,1.0
2025-10-30 00:00:00,001330.SZ,博纳影业,SELL,75200,6.21,466992.0,跌破五日线,6758.699999999989,09:30-10:00,收盘价,6.21,4.67
2025-10-30 00:00:00,002546.SZ,新联电子,SELL,64600,7.18,463828.0,跌破五日线,3220.8299999999886,09:30-10:00,收盘价,7.18,4.64
2025-10-30 00:00:00,600376.SH,首开股份,SELL,71300,6.46,460598.0,跌破五日线,-29238.61000000001,10:00-11:30,收盘价,6.46,4.61
2025-10-31 09:30:00,002595.SZ,豪迈科技,BUY,6900,67.55,466095.0,,,09:30-10:00,开盘价,67.72,4.66
2025-10-31 09:41:00,600595.SH,中孚实业,BUY,5400,6.83,36882.0,,,09:30-10:00,预估买入价,6.83,1.0
2025-10-31 00:00:00,001223.SZ,欧克科技,SELL,8100,55.97,453357.0,跌破五日线,6065.780000000001,09:30-10:00,收盘价,55.98,4.53
2025-10-31 00:00:00,600855.SH,航天长峰,SELL,29300,15.36,450048.0,跌破五日线,4682.500000000005,09:30-10:00,收盘价,15.36,4.5
